=== node=gpua010.delta.ncsa.illinois.edu start=Sat Aug  1 11:30:00 CDT 2026 ===
[1;31m2026-08-01 11:35:43.666751188 [E:onnxruntime:Default, env.cc:228 ThreadMain] pthread_setaffinity_np failed for thread: 2863448, index: 0, mask: {1, }, error code: 22 error msg: Invalid argument. Specify the number of threads explicitly so the affinity is not set.[m
[1;31m2026-08-01 11:35:43.666751318 [E:onnxruntime:Default, env.cc:228 ThreadMain] pthread_setaffinity_np failed for thread: 2863451, index: 3, mask: {4, }, error code: 22 error msg: Invalid argument. Specify the number of threads explicitly so the affinity is not set.[m
[1;31m2026-08-01 11:35:43.667120460 [E:onnxruntime:Default, env.cc:228 ThreadMain] pthread_setaffinity_np failed for thread: 2863459, index: 11, mask: {12, }, error code: 22 error msg: Invalid argument. Specify the number of threads explicitly so the affinity is not set.[m
[1;31m2026-08-01 11:35:43.669699944 [E:onnxruntime:Default, env.cc:228 ThreadMain] pthread_setaffinity_np failed for thread: 2863506, index: 58, mask: {59, }, error code: 22 error msg: Invalid argument. Specify the number of threads explicitly so the affinity is not set.[m
[1;31m2026-08-01 11:35:43.669787649 [E:onnxruntime:Default, env.cc:228 ThreadMain] pthread_setaffinity_np failed for thread: 2863509, index: 61, mask: {62, }, error code: 22 error msg: Invalid argument. Specify the number of threads explicitly so the affinity is not set.[m
[1;31m2026-08-01 11:35:43.666828072 [E:onnxruntime:Default, env.cc:228 ThreadMain] pthread_setaffinity_np failed for thread: 2863452, index: 4, mask: {5, }, error code: 22 error msg: Invalid argument. Specify the number of threads explicitly so the affinity is not set.[m
[1;31m2026-08-01 11:35:43.666829304 [E:onnxruntime:Default, env.cc:228 ThreadMain] pthread_setaffinity_np failed for thread: 2863453, index: 5, mask: {6, }, error code: 22 error msg: Invalid argument. Specify the number of threads explicitly so the affinity is not set.[m
[1;31m2026-08-01 11:35:43.667787360 [E:onnxruntime:Default, env.cc:228 ThreadMain] pthread_setaffinity_np failed for thread: 2863468, index: 20, mask: {21, }, error code: 22 error msg: Invalid argument. Specify the number of threads explicitly so the affinity is not set.[m
[1;31m2026-08-01 11:35:43.667854806 [E:onnxruntime:Default, env.cc:228 ThreadMain] pthread_setaffinity_np failed for thread: 2863470, index: 22, mask: {23, }, error code: 22 error msg: Invalid argument. Specify the number of threads explicitly so the affinity is not set.[m
[1;31m2026-08-01 11:35:43.667429950 [E:onnxruntime:Default, env.cc:228 ThreadMain] pthread_setaffinity_np failed for thread: 2863461, index: 13, mask: {14, }, error code: 22 error msg: Invalid argument. Specify the number of threads explicitly so the affinity is not set.[m
[1;31m2026-08-01 11:35:43.667135488 [E:onnxruntime:Default, env.cc:228 ThreadMain] pthread_setaffinity_np failed for thread: 2863458, index: 10, mask: {11, }, error code: 22 error msg: Invalid argument. Specify the number of threads explicitly so the affinity is not set.[m
[1;31m2026-08-01 11:35:43.667070056 [E:onnxruntime:Default, env.cc:228 ThreadMain] pthread_setaffinity_np failed for thread: 2863456, index: 8, mask: {9, }, error code: 22 error msg: Invalid argument. Specify the number of threads explicitly so the affinity is not set.[m
[1;31m2026-08-01 11:35:43.667478261 [E:onnxruntime:Default, env.cc:228 ThreadMain] pthread_setaffinity_np failed for thread: 2863460, index: 12, mask: {13, }, error code: 22 error msg: Invalid argument. Specify the number of threads explicitly so the affinity is not set.[m
[1;31m2026-08-01 11:35:43.666958106 [E:onnxruntime:Default, env.cc:228 ThreadMain] pthread_setaffinity_np failed for thread: 2863455, index: 7, mask: {8, }, error code: 22 error msg: Invalid argument. Specify the number of threads explicitly so the affinity is not set.[m
[1;31m2026-08-01 11:35:43.667914258 [E:onnxruntime:Default, env.cc:228 ThreadMain] pthread_setaffinity_np failed for thread: 2863472, index: 24, mask: {25, }, error code: 22 error msg: Invalid argument. Specify the number of threads explicitly so the affinity is not set.[m
[1;31m2026-08-01 11:35:43.667621289 [E:onnxruntime:Default, env.cc:228 ThreadMain] pthread_setaffinity_np failed for thread: 2863466, index: 18, mask: {19, }, error code: 22 error msg: Invalid argument. Specify the number of threads explicitly so the affinity is not set.[m
[1;31m2026-08-01 11:35:43.667811956 [E:onnxruntime:Default, env.cc:228 ThreadMain] pthread_setaffinity_np failed for thread: 2863469, index: 21, mask: {22, }, error code: 22 error msg: Invalid argument. Specify the number of threads explicitly so the affinity is not set.[m
[1;31m2026-08-01 11:35:43.668268802 [E:onnxruntime:Default, env.cc:228 ThreadMain] pthread_setaffinity_np failed for thread: 2863478, index: 30, mask: {31, }, error code: 22 error msg: Invalid argument. Specify the number of threads explicitly so the affinity is not set.[m
[1;31m2026-08-01 11:35:43.668177571 [E:onnxruntime:Default, env.cc:228 ThreadMain] pthread_setaffinity_np failed for thread: 2863476, index: 28, mask: {29, }, error code: 22 error msg: Invalid argument. Specify the number of threads explicitly so the affinity is not set.[m
[1;31m2026-08-01 11:35:43.669257515 [E:onnxruntime:Default, env.cc:228 ThreadMain] pthread_setaffinity_np failed for thread: 2863497, index: 49, mask: {50, }, error code: 22 error msg: Invalid argument. Specify the number of threads explicitly so the affinity is not set.[m
[1;31m2026-08-01 11:35:43.667950826 [E:onnxruntime:Default, env.cc:228 ThreadMain] pthread_setaffinity_np failed for thread: 2863473, index: 25, mask: {26, }, error code: 22 error msg: Invalid argument. Specify the number of threads explicitly so the affinity is not set.[m
[1;31m2026-08-01 11:35:43.667472279 [E:onnxruntime:Default, env.cc:228 ThreadMain] pthread_setaffinity_np failed for thread: 2863463, index: 15, mask: {16, }, error code: 22 error msg: Invalid argument. Specify the number of threads explicitly so the affinity is not set.[m
[1;31m2026-08-01 11:35:43.669044877 [E:onnxruntime:Default, env.cc:228 ThreadMain] pthread_setaffinity_np failed for thread: 2863496, index: 48, mask: {49, }, error code: 22 error msg: Invalid argument. Specify the number of threads explicitly so the affinity is not set.[m
[1;31m2026-08-01 11:35:43.667528755 [E:onnxruntime:Default, env.cc:228 ThreadMain] pthread_setaffinity_np failed for thread: 2863464, index: 16, mask: {17, }, error code: 22 error msg: Invalid argument. Specify the number of threads explicitly so the affinity is not set.[m
[1;31m2026-08-01 11:35:43.669390695 [E:onnxruntime:Default, env.cc:228 ThreadMain] pthread_setaffinity_np failed for thread: 2863501, index: 53, mask: {54, }, error code: 22 error msg: Invalid argument. Specify the number of threads explicitly so the affinity is not set.[m
[1;31m2026-08-01 11:35:43.669728407 [E:onnxruntime:Default, env.cc:228 ThreadMain] pthread_setaffinity_np failed for thread: 2863507, index: 59, mask: {60, }, error code: 22 error msg: Invalid argument. Specify the number of threads explicitly so the affinity is not set.[m
[1;31m2026-08-01 11:35:43.668125954 [E:onnxruntime:Default, env.cc:228 ThreadMain] pthread_setaffinity_np failed for thread: 2863474, index: 26, mask: {27, }, error code: 22 error msg: Invalid argument. Specify the number of threads explicitly so the affinity is not set.[m
[1;31m2026-08-01 11:35:43.669420841 [E:onnxruntime:Default, env.cc:228 ThreadMain] pthread_setaffinity_np failed for thread: 2863502, index: 54, mask: {55, }, error code: 22 error msg: Invalid argument. Specify the number of threads explicitly so the affinity is not set.[m
[1;31m2026-08-01 11:35:43.668217205 [E:onnxruntime:Default, env.cc:228 ThreadMain] pthread_setaffinity_np failed for thread: 2863477, index: 29, mask: {30, }, error code: 22 error msg: Invalid argument. Specify the number of threads explicitly so the affinity is not set.[m
[1;31m2026-08-01 11:35:43.669594406 [E:onnxruntime:Default, env.cc:228 ThreadMain] pthread_setaffinity_np failed for thread: 2863503, index: 55, mask: {56, }, error code: 22 error msg: Invalid argument. Specify the number of threads explicitly so the affinity is not set.[m
[1;31m2026-08-01 11:35:43.666939140 [E:onnxruntime:Default, env.cc:228 ThreadMain] pthread_setaffinity_np failed for thread: 2863454, index: 6, mask: {7, }, error code: 22 error msg: Invalid argument. Specify the number of threads explicitly so the affinity is not set.[m
[1;31m2026-08-01 11:35:43.666743133 [E:onnxruntime:Default, env.cc:228 ThreadMain] pthread_setaffinity_np failed for thread: 2863449, index: 1, mask: {2, }, error code: 22 error msg: Invalid argument. Specify the number of threads explicitly so the affinity is not set.[m
[1;31m2026-08-01 11:35:43.669858962 [E:onnxruntime:Default, env.cc:228 ThreadMain] pthread_setaffinity_np failed for thread: 2863510, index: 62, mask: {63, }, error code: 22 error msg: Invalid argument. Specify the number of threads explicitly so the affinity is not set.[m
[1;31m2026-08-01 11:35:43.669292681 [E:onnxruntime:Default, env.cc:228 ThreadMain] pthread_setaffinity_np failed for thread: 2863498, index: 50, mask: {51, }, error code: 22 error msg: Invalid argument. Specify the number of threads explicitly so the affinity is not set.[m
[1;31m2026-08-01 11:35:43.669060306 [E:onnxruntime:Default, env.cc:228 ThreadMain] pthread_setaffinity_np failed for thread: 2863495, index: 47, mask: {48, }, error code: 22 error msg: Invalid argument. Specify the number of threads explicitly so the affinity is not set.[m
[1;31m2026-08-01 11:35:43.667311468 [E:onnxruntime:Default, env.cc:228 ThreadMain] pthread_setaffinity_np failed for thread: 2863457, index: 9, mask: {10, }, error code: 22 error msg: Invalid argument. Specify the number of threads explicitly so the affinity is not set.[m
[1;31m2026-08-01 11:35:43.669356901 [E:onnxruntime:Default, env.cc:228 ThreadMain] pthread_setaffinity_np failed for thread: 2863500, index: 52, mask: {53, }, error code: 22 error msg: Invalid argument. Specify the number of threads explicitly so the affinity is not set.[m
[1;31m2026-08-01 11:35:43.669669838 [E:onnxruntime:Default, env.cc:228 ThreadMain] pthread_setaffinity_np failed for thread: 2863505, index: 57, mask: {58, }, error code: 22 error msg: Invalid argument. Specify the number of threads explicitly so the affinity is not set.[m
[1;31m2026-08-01 11:35:43.667452502 [E:onnxruntime:Default, env.cc:228 ThreadMain] pthread_setaffinity_np failed for thread: 2863462, index: 14, mask: {15, }, error code: 22 error msg: Invalid argument. Specify the number of threads explicitly so the affinity is not set.[m
[1;31m2026-08-01 11:35:43.669324050 [E:onnxruntime:Default, env.cc:228 ThreadMain] pthread_setaffinity_np failed for thread: 2863499, index: 51, mask: {52, }, error code: 22 error msg: Invalid argument. Specify the number of threads explicitly so the affinity is not set.[m
[1;31m2026-08-01 11:35:43.669643608 [E:onnxruntime:Default, env.cc:228 ThreadMain] pthread_setaffinity_np failed for thread: 2863504, index: 56, mask: {57, }, error code: 22 error msg: Invalid argument. Specify the number of threads explicitly so the affinity is not set.[m
[1;31m2026-08-01 11:35:43.667617952 [E:onnxruntime:Default, env.cc:228 ThreadMain] pthread_setaffinity_np failed for thread: 2863467, index: 19, mask: {20, }, error code: 22 error msg: Invalid argument. Specify the number of threads explicitly so the affinity is not set.[m
[1;31m2026-08-01 11:35:43.667563310 [E:onnxruntime:Default, env.cc:228 ThreadMain] pthread_setaffinity_np failed for thread: 2863465, index: 17, mask: {18, }, error code: 22 error msg: Invalid argument. Specify the number of threads explicitly so the affinity is not set.[m
[1;31m2026-08-01 11:35:43.668183652 [E:onnxruntime:Default, env.cc:228 ThreadMain] pthread_setaffinity_np failed for thread: 2863475, index: 27, mask: {28, }, error code: 22 error msg: Invalid argument. Specify the number of threads explicitly so the affinity is not set.[m
[1;31m2026-08-01 11:35:43.669761509 [E:onnxruntime:Default, env.cc:228 ThreadMain] pthread_setaffinity_np failed for thread: 2863508, index: 60, mask: {61, }, error code: 22 error msg: Invalid argument. Specify the number of threads explicitly so the affinity is not set.[m
[1;31m2026-08-01 11:35:43.667877068 [E:onnxruntime:Default, env.cc:228 ThreadMain] pthread_setaffinity_np failed for thread: 2863471, index: 23, mask: {24, }, error code: 22 error msg: Invalid argument. Specify the number of threads explicitly so the affinity is not set.[m
[1;31m2026-08-01 11:35:43.666751138 [E:onnxruntime:Default, env.cc:228 ThreadMain] pthread_setaffinity_np failed for thread: 2863450, index: 2, mask: {3, }, error code: 22 error msg: Invalid argument. Specify the number of threads explicitly so the affinity is not set.[m
mineru, version 3.4.2
--- [nature_med_apol1_kidney] 10.1038_s41591-026-04337-2.pdf -> /work/hdd/bgkq/xchen48/clinical-rag/sample/nature_med_apol1_kidney/01_parse  (11:39:01) ---
[1;31m2026-08-01 11:39:03.741719575 [E:onnxruntime:Default, env.cc:228 ThreadMain] pthread_setaffinity_np failed for thread: 2865124, index: 0, mask: {1, }, error code: 22 error msg: Invalid argument. Specify the number of threads explicitly so the affinity is not set.[m
[1;31m2026-08-01 11:39:03.741745373 [E:onnxruntime:Default, env.cc:228 ThreadMain] pthread_setaffinity_np failed for thread: 2865126, index: 2, mask: {3, }, error code: 22 error msg: Invalid argument. Specify the number of threads explicitly so the affinity is not set.[m
[1;31m2026-08-01 11:39:03.741760562 [E:onnxruntime:Default, env.cc:228 ThreadMain] pthread_setaffinity_np failed for thread: 2865127, index: 3, mask: {4, }, error code: 22 error msg: Invalid argument. Specify the number of threads explicitly so the affinity is not set.[m
[1;31m2026-08-01 11:39:03.741709506 [E:onnxruntime:Default, env.cc:228 ThreadMain] pthread_setaffinity_np failed for thread: 2865125, index: 1, mask: {2, }, error code: 22 error msg: Invalid argument. Specify the number of threads explicitly so the affinity is not set.[m
[1;31m2026-08-01 11:39:03.741972780 [E:onnxruntime:Default, env.cc:228 ThreadMain] pthread_setaffinity_np failed for thread: 2865128, index: 4, mask: {5, }, error code: 22 error msg: Invalid argument. Specify the number of threads explicitly so the affinity is not set.[m
[1;31m2026-08-01 11:39:03.741958593 [E:onnxruntime:Default, env.cc:228 ThreadMain] pthread_setaffinity_np failed for thread: 2865129, index: 5, mask: {6, }, error code: 22 error msg: Invalid argument. Specify the number of threads explicitly so the affinity is not set.[m
[1;31m2026-08-01 11:39:03.741998839 [E:onnxruntime:Default, env.cc:228 ThreadMain] pthread_setaffinity_np failed for thread: 2865130, index: 6, mask: {7, }, error code: 22 error msg: Invalid argument. Specify the number of threads explicitly so the affinity is not set.[m
[1;31m2026-08-01 11:39:03.742066575 [E:onnxruntime:Default, env.cc:228 ThreadMain] pthread_setaffinity_np failed for thread: 2865131, index: 7, mask: {8, }, error code: 22 error msg: Invalid argument. Specify the number of threads explicitly so the affinity is not set.[m
[1;31m2026-08-01 11:39:03.742389340 [E:onnxruntime:Default, env.cc:228 ThreadMain] pthread_setaffinity_np failed for thread: 2865136, index: 12, mask: {13, }, error code: 22 error msg: Invalid argument. Specify the number of threads explicitly so the affinity is not set.[m
[1;31m2026-08-01 11:39:03.742269335 [E:onnxruntime:Default, env.cc:228 ThreadMain] pthread_setaffinity_np failed for thread: 2865133, index: 9, mask: {10, }, error code: 22 error msg: Invalid argument. Specify the number of threads explicitly so the affinity is not set.[m
[1;31m2026-08-01 11:39:03.742339787 [E:onnxruntime:Default, env.cc:228 ThreadMain] pthread_setaffinity_np failed for thread: 2865135, index: 11, mask: {12, }, error code: 22 error msg: Invalid argument. Specify the number of threads explicitly so the affinity is not set.[m
[1;31m2026-08-01 11:39:03.742329608 [E:onnxruntime:Default, env.cc:228 ThreadMain] pthread_setaffinity_np failed for thread: 2865134, index: 10, mask: {11, }, error code: 22 error msg: Invalid argument. Specify the number of threads explicitly so the affinity is not set.[m
[1;31m2026-08-01 11:39:03.742751850 [E:onnxruntime:Default, env.cc:228 ThreadMain] pthread_setaffinity_np failed for thread: 2865140, index: 16, mask: {17, }, error code: 22 error msg: Invalid argument. Specify the number of threads explicitly so the affinity is not set.[m
[1;31m2026-08-01 11:39:03.742236243 [E:onnxruntime:Default, env.cc:228 ThreadMain] pthread_setaffinity_np failed for thread: 2865132, index: 8, mask: {9, }, error code: 22 error msg: Invalid argument. Specify the number of threads explicitly so the affinity is not set.[m
[1;31m2026-08-01 11:39:03.742441328 [E:onnxruntime:Default, env.cc:228 ThreadMain] pthread_setaffinity_np failed for thread: 2865138, index: 14, mask: {15, }, error code: 22 error msg: Invalid argument. Specify the number of threads explicitly so the affinity is not set.[m
[1;31m2026-08-01 11:39:03.744360885 [E:onnxruntime:Default, env.cc:228 ThreadMain] pthread_setaffinity_np failed for thread: 2865143, index: 19, mask: {20, }, error code: 22 error msg: Invalid argument. Specify the number of threads explicitly so the affinity is not set.[m
[1;31m2026-08-01 11:39:03.742800861 [E:onnxruntime:Default, env.cc:228 ThreadMain] pthread_setaffinity_np failed for thread: 2865141, index: 17, mask: {18, }, error code: 22 error msg: Invalid argument. Specify the number of threads explicitly so the affinity is not set.[m
[1;31m2026-08-01 11:39:03.748440700 [E:onnxruntime:Default, env.cc:228 ThreadMain] pthread_setaffinity_np failed for thread: 2865153, index: 29, mask: {30, }, error code: 22 error msg: Invalid argument. Specify the number of threads explicitly so the affinity is not set.[m
[1;31m2026-08-01 11:39:03.749475479 [E:onnxruntime:Default, env.cc:228 ThreadMain] pthread_setaffinity_np failed for thread: 2865154, index: 30, mask: {31, }, error code: 22 error msg: Invalid argument. Specify the number of threads explicitly so the affinity is not set.[m
[1;31m2026-08-01 11:39:03.754480217 [E:onnxruntime:Default, env.cc:228 ThreadMain] pthread_setaffinity_np failed for thread: 2865174, index: 50, mask: {51, }, error code: 22 error msg: Invalid argument. Specify the number of threads explicitly so the affinity is not set.[m
[1;31m2026-08-01 11:39:03.742844343 [E:onnxruntime:Default, env.cc:228 ThreadMain] pthread_setaffinity_np failed for thread: 2865142, index: 18, mask: {19, }, error code: 22 error msg: Invalid argument. Specify the number of threads explicitly so the affinity is not set.[m
[1;31m2026-08-01 11:39:03.742883867 [E:onnxruntime:Default, env.cc:228 ThreadMain] pthread_setaffinity_np failed for thread: 2865144, index: 20, mask: {21, }, error code: 22 error msg: Invalid argument. Specify the number of threads explicitly so the affinity is not set.[m
[1;31m2026-08-01 11:39:03.742925836 [E:onnxruntime:Default, env.cc:228 ThreadMain] pthread_setaffinity_np failed for thread: 2865145, index: 21, mask: {22, }, error code: 22 error msg: Invalid argument. Specify the number of threads explicitly so the affinity is not set.[m
[1;31m2026-08-01 11:39:03.758193866 [E:onnxruntime:Default, env.cc:228 ThreadMain] pthread_setaffinity_np failed for thread: 2865175, index: 51, mask: {52, }, error code: 22 error msg: Invalid argument. Specify the number of threads explicitly so the affinity is not set.[m
[1;31m2026-08-01 11:39:03.742401653 [E:onnxruntime:Default, env.cc:228 ThreadMain] pthread_setaffinity_np failed for thread: 2865137, index: 13, mask: {14, }, error code: 22 error msg: Invalid argument. Specify the number of threads explicitly so the affinity is not set.[m
[1;31m2026-08-01 11:39:03.743087479 [E:onnxruntime:Default, env.cc:228 ThreadMain] pthread_setaffinity_np failed for thread: 2865147, index: 23, mask: {24, }, error code: 22 error msg: Invalid argument. Specify the number of threads explicitly so the affinity is not set.[m
[1;31m2026-08-01 11:39:03.757453829 [E:onnxruntime:Default, env.cc:228 ThreadMain] pthread_setaffinity_np failed for thread: 2865139, index: 15, mask: {16, }, error code: 22 error msg: Invalid argument. Specify the number of threads explicitly so the affinity is not set.[m
[1;31m2026-08-01 11:39:03.743120470 [E:onnxruntime:Default, env.cc:228 ThreadMain] pthread_setaffinity_np failed for thread: 2865148, index: 24, mask: {25, }, error code: 22 error msg: Invalid argument. Specify the number of threads explicitly so the affinity is not set.[m
[1;31m2026-08-01 11:39:03.771480594 [E:onnxruntime:Default, env.cc:228 ThreadMain] pthread_setaffinity_np failed for thread: 2865172, index: 48, mask: {49, }, error code: 22 error msg: Invalid argument. Specify the number of threads explicitly so the affinity is not set.[m
[1;31m2026-08-01 11:39:03.743140929 [E:onnxruntime:Default, env.cc:228 ThreadMain] pthread_setaffinity_np failed for thread: 2865149, index: 25, mask: {26, }, error code: 22 error msg: Invalid argument. Specify the number of threads explicitly so the affinity is not set.[m
[1;31m2026-08-01 11:39:03.775476933 [E:onnxruntime:Default, env.cc:228 ThreadMain] pthread_setaffinity_np failed for thread: 2865181, index: 57, mask: {58, }, error code: 22 error msg: Invalid argument. Specify the number of threads explicitly so the affinity is not set.[m
[1;31m2026-08-01 11:39:03.780804326 [E:onnxruntime:Default, env.cc:228 ThreadMain] pthread_setaffinity_np failed for thread: 2865146, index: 22, mask: {23, }, error code: 22 error msg: Invalid argument. Specify the number of threads explicitly so the affinity is not set.[m
[1;31m2026-08-01 11:39:03.743177006 [E:onnxruntime:Default, env.cc:228 ThreadMain] pthread_setaffinity_np failed for thread: 2865150, index: 26, mask: {27, }, error code: 22 error msg: Invalid argument. Specify the number of threads explicitly so the affinity is not set.[m
[1;31m2026-08-01 11:39:03.767917858 [E:onnxruntime:Default, env.cc:228 ThreadMain] pthread_setaffinity_np failed for thread: 2865185, index: 61, mask: {62, }, error code: 22 error msg: Invalid argument. Specify the number of threads explicitly so the affinity is not set.[m
[1;31m2026-08-01 11:39:03.743203225 [E:onnxruntime:Default, env.cc:228 ThreadMain] pthread_setaffinity_np failed for thread: 2865151, index: 27, mask: {28, }, error code: 22 error msg: Invalid argument. Specify the number of threads explicitly so the affinity is not set.[m
[1;31m2026-08-01 11:39:03.767975837 [E:onnxruntime:Default, env.cc:228 ThreadMain] pthread_setaffinity_np failed for thread: 2865184, index: 60, mask: {61, }, error code: 22 error msg: Invalid argument. Specify the number of threads explicitly so the affinity is not set.[m
[1;31m2026-08-01 11:39:03.743229384 [E:onnxruntime:Default, env.cc:228 ThreadMain] pthread_setaffinity_np failed for thread: 2865152, index: 28, mask: {29, }, error code: 22 error msg: Invalid argument. Specify the number of threads explicitly so the affinity is not set.[m
[1;31m2026-08-01 11:39:03.797497557 [E:onnxruntime:Default, env.cc:228 ThreadMain] pthread_setaffinity_np failed for thread: 2865173, index: 49, mask: {50, }, error code: 22 error msg: Invalid argument. Specify the number of threads explicitly so the affinity is not set.[m
[1;31m2026-08-01 11:39:03.781424458 [E:onnxruntime:Default, env.cc:228 ThreadMain] pthread_setaffinity_np failed for thread: 2865180, index: 56, mask: {57, }, error code: 22 error msg: Invalid argument. Specify the number of threads explicitly so the affinity is not set.[m
[1;31m2026-08-01 11:39:03.785148356 [E:onnxruntime:Default, env.cc:228 ThreadMain] pthread_setaffinity_np failed for thread: 2865186, index: 62, mask: {63, }, error code: 22 error msg: Invalid argument. Specify the number of threads explicitly so the affinity is not set.[m
[1;31m2026-08-01 11:39:03.785186758 [E:onnxruntime:Default, env.cc:228 ThreadMain] pthread_setaffinity_np failed for thread: 2865182, index: 58, mask: {59, }, error code: 22 error msg: Invalid argument. Specify the number of threads explicitly so the affinity is not set.[m
[1;31m2026-08-01 11:39:03.791938440 [E:onnxruntime:Default, env.cc:228 ThreadMain] pthread_setaffinity_np failed for thread: 2865179, index: 55, mask: {56, }, error code: 22 error msg: Invalid argument. Specify the number of threads explicitly so the affinity is not set.[m
[1;31m2026-08-01 11:39:03.785185335 [E:onnxruntime:Default, env.cc:228 ThreadMain] pthread_setaffinity_np failed for thread: 2865178, index: 54, mask: {55, }, error code: 22 error msg: Invalid argument. Specify the number of threads explicitly so the affinity is not set.[m
[1;31m2026-08-01 11:39:03.797471869 [E:onnxruntime:Default, env.cc:228 ThreadMain] pthread_setaffinity_np failed for thread: 2865176, index: 52, mask: {53, }, error code: 22 error msg: Invalid argument. Specify the number of threads explicitly so the affinity is not set.[m
[1;31m2026-08-01 11:39:03.797917825 [E:onnxruntime:Default, env.cc:228 ThreadMain] pthread_setaffinity_np failed for thread: 2865183, index: 59, mask: {60, }, error code: 22 error msg: Invalid argument. Specify the number of threads explicitly so the affinity is not set.[m
[1;31m2026-08-01 11:39:03.801912350 [E:onnxruntime:Default, env.cc:228 ThreadMain] pthread_setaffinity_np failed for thread: 2865177, index: 53, mask: {54, }, error code: 22 error msg: Invalid argument. Specify the number of threads explicitly so the affinity is not set.[m
[1;31m2026-08-01 11:39:03.809469752 [E:onnxruntime:Default, env.cc:228 ThreadMain] pthread_setaffinity_np failed for thread: 2865171, index: 47, mask: {48, }, error code: 22 error msg: Invalid argument. Specify the number of threads explicitly so the affinity is not set.[m
2026-08-01 11:39:11.911 | INFO     | mineru.cli.client:run_orchestrated_cli:953 - Started local mineru-api at http://127.0.0.1:49701
[1;31m2026-08-01 11:39:19.936732961 [E:onnxruntime:Default, env.cc:228 ThreadMain] pthread_setaffinity_np failed for thread: 2865221, index: 1, mask: {2, }, error code: 22 error msg: Invalid argument. Specify the number of threads explicitly so the affinity is not set.[m
[1;31m2026-08-01 11:39:19.936768477 [E:onnxruntime:Default, env.cc:228 ThreadMain] pthread_setaffinity_np failed for thread: 2865223, index: 3, mask: {4, }, error code: 22 error msg: Invalid argument. Specify the number of threads explicitly so the affinity is not set.[m
[1;31m2026-08-01 11:39:19.936737008 [E:onnxruntime:Default, env.cc:228 ThreadMain] pthread_setaffinity_np failed for thread: 2865220, index: 0, mask: {1, }, error code: 22 error msg: Invalid argument. Specify the number of threads explicitly so the affinity is not set.[m
[1;31m2026-08-01 11:39:19.936740405 [E:onnxruntime:Default, env.cc:228 ThreadMain] pthread_setaffinity_np failed for thread: 2865222, index: 2, mask: {3, }, error code: 22 error msg: Invalid argument. Specify the number of threads explicitly so the affinity is not set.[m
[1;31m2026-08-01 11:39:19.936876259 [E:onnxruntime:Default, env.cc:228 ThreadMain] pthread_setaffinity_np failed for thread: 2865224, index: 4, mask: {5, }, error code: 22 error msg: Invalid argument. Specify the number of threads explicitly so the affinity is not set.[m
[1;31m2026-08-01 11:39:19.936951270 [E:onnxruntime:Default, env.cc:228 ThreadMain] pthread_setaffinity_np failed for thread: 2865225, index: 5, mask: {6, }, error code: 22 error msg: Invalid argument. Specify the number of threads explicitly so the affinity is not set.[m
[1;31m2026-08-01 11:39:19.936968793 [E:onnxruntime:Default, env.cc:228 ThreadMain] pthread_setaffinity_np failed for thread: 2865226, index: 6, mask: {7, }, error code: 22 error msg: Invalid argument. Specify the number of threads explicitly so the affinity is not set.[m
[1;31m2026-08-01 11:39:19.937019868 [E:onnxruntime:Default, env.cc:228 ThreadMain] pthread_setaffinity_np failed for thread: 2865227, index: 7, mask: {8, }, error code: 22 error msg: Invalid argument. Specify the number of threads explicitly so the affinity is not set.[m
[1;31m2026-08-01 11:39:19.937218380 [E:onnxruntime:Default, env.cc:228 ThreadMain] pthread_setaffinity_np failed for thread: 2865230, index: 10, mask: {11, }, error code: 22 error msg: Invalid argument. Specify the number of threads explicitly so the affinity is not set.[m
[1;31m2026-08-01 11:39:19.937192742 [E:onnxruntime:Default, env.cc:228 ThreadMain] pthread_setaffinity_np failed for thread: 2865228, index: 8, mask: {9, }, error code: 22 error msg: Invalid argument. Specify the number of threads explicitly so the affinity is not set.[m
[1;31m2026-08-01 11:39:19.937969546 [E:onnxruntime:Default, env.cc:228 ThreadMain] pthread_setaffinity_np failed for thread: 2865231, index: 11, mask: {12, }, error code: 22 error msg: Invalid argument. Specify the number of threads explicitly so the affinity is not set.[m
[1;31m2026-08-01 11:39:19.937928660 [E:onnxruntime:Default, env.cc:228 ThreadMain] pthread_setaffinity_np failed for thread: 2865229, index: 9, mask: {10, }, error code: 22 error msg: Invalid argument. Specify the number of threads explicitly so the affinity is not set.[m
[1;31m2026-08-01 11:39:19.937981859 [E:onnxruntime:Default, env.cc:228 ThreadMain] pthread_setaffinity_np failed for thread: 2865232, index: 12, mask: {13, }, error code: 22 error msg: Invalid argument. Specify the number of threads explicitly so the affinity is not set.[m
[1;31m2026-08-01 11:39:19.938034358 [E:onnxruntime:Default, env.cc:228 ThreadMain] pthread_setaffinity_np failed for thread: 2865233, index: 13, mask: {14, }, error code: 22 error msg: Invalid argument. Specify the number of threads explicitly so the affinity is not set.[m
[1;31m2026-08-01 11:39:19.938053684 [E:onnxruntime:Default, env.cc:228 ThreadMain] pthread_setaffinity_np failed for thread: 2865234, index: 14, mask: {15, }, error code: 22 error msg: Invalid argument. Specify the number of threads explicitly so the affinity is not set.[m
[1;31m2026-08-01 11:39:19.939472130 [E:onnxruntime:Default, env.cc:228 ThreadMain] pthread_setaffinity_np failed for thread: 2865236, index: 16, mask: {17, }, error code: 22 error msg: Invalid argument. Specify the number of threads explicitly so the affinity is not set.[m
[1;31m2026-08-01 11:39:19.938077348 [E:onnxruntime:Default, env.cc:228 ThreadMain] pthread_setaffinity_np failed for thread: 2865235, index: 15, mask: {16, }, error code: 22 error msg: Invalid argument. Specify the number of threads explicitly so the affinity is not set.[m
[1;31m2026-08-01 11:39:19.944525893 [E:onnxruntime:Default, env.cc:228 ThreadMain] pthread_setaffinity_np failed for thread: 2865276, index: 56, mask: {57, }, error code: 22 error msg: Invalid argument. Specify the number of threads explicitly so the affinity is not set.[m
[1;31m2026-08-01 11:39:19.946473520 [E:onnxruntime:Default, env.cc:228 ThreadMain] pthread_setaffinity_np failed for thread: 2865245, index: 25, mask: {26, }, error code: 22 error msg: Invalid argument. Specify the number of threads explicitly so the affinity is not set.[m
[1;31m2026-08-01 11:39:19.947489953 [E:onnxruntime:Default, env.cc:228 ThreadMain] pthread_setaffinity_np failed for thread: 2865241, index: 21, mask: {22, }, error code: 22 error msg: Invalid argument. Specify the number of threads explicitly so the affinity is not set.[m
[1;31m2026-08-01 11:39:19.947913035 [E:onnxruntime:Default, env.cc:228 ThreadMain] pthread_setaffinity_np failed for thread: 2865280, index: 60, mask: {61, }, error code: 22 error msg: Invalid argument. Specify the number of threads explicitly so the affinity is not set.[m
[1;31m2026-08-01 11:39:19.959501835 [E:onnxruntime:Default, env.cc:228 ThreadMain] pthread_setaffinity_np failed for thread: 2865267, index: 47, mask: {48, }, error code: 22 error msg: Invalid argument. Specify the number of threads explicitly so the affinity is not set.[m
[1;31m2026-08-01 11:39:19.961675205 [E:onnxruntime:Default, env.cc:228 ThreadMain] pthread_setaffinity_np failed for thread: 2865250, index: 30, mask: {31, }, error code: 22 error msg: Invalid argument. Specify the number of threads explicitly so the affinity is not set.[m
[1;31m2026-08-01 11:39:19.966478109 [E:onnxruntime:Default, env.cc:228 ThreadMain] pthread_setaffinity_np failed for thread: 2865237, index: 17, mask: {18, }, error code: 22 error msg: Invalid argument. Specify the number of threads explicitly so the affinity is not set.[m
[1;31m2026-08-01 11:39:19.945471864 [E:onnxruntime:Default, env.cc:228 ThreadMain] pthread_setaffinity_np failed for thread: 2865246, index: 26, mask: {27, }, error code: 22 error msg: Invalid argument. Specify the number of threads explicitly so the affinity is not set.[m
[1;31m2026-08-01 11:39:19.968185686 [E:onnxruntime:Default, env.cc:228 ThreadMain] pthread_setaffinity_np failed for thread: 2865282, index: 62, mask: {63, }, error code: 22 error msg: Invalid argument. Specify the number of threads explicitly so the affinity is not set.[m
[1;31m2026-08-01 11:39:19.973466434 [E:onnxruntime:Default, env.cc:228 ThreadMain] pthread_setaffinity_np failed for thread: 2865281, index: 61, mask: {62, }, error code: 22 error msg: Invalid argument. Specify the number of threads explicitly so the affinity is not set.[m
[1;31m2026-08-01 11:39:19.981075382 [E:onnxruntime:Default, env.cc:228 ThreadMain] pthread_setaffinity_np failed for thread: 2865279, index: 59, mask: {60, }, error code: 22 error msg: Invalid argument. Specify the number of threads explicitly so the affinity is not set.[m
[1;31m2026-08-01 11:39:19.949464110 [E:onnxruntime:Default, env.cc:228 ThreadMain] pthread_setaffinity_np failed for thread: 2865243, index: 23, mask: {24, }, error code: 22 error msg: Invalid argument. Specify the number of threads explicitly so the affinity is not set.[m
[1;31m2026-08-01 11:39:19.986543291 [E:onnxruntime:Default, env.cc:228 ThreadMain] pthread_setaffinity_np failed for thread: 2865248, index: 28, mask: {29, }, error code: 22 error msg: Invalid argument. Specify the number of threads explicitly so the affinity is not set.[m
[1;31m2026-08-01 11:39:19.948227564 [E:onnxruntime:Default, env.cc:228 ThreadMain] pthread_setaffinity_np failed for thread: 2865270, index: 50, mask: {51, }, error code: 22 error msg: Invalid argument. Specify the number of threads explicitly so the affinity is not set.[m
[1;31m2026-08-01 11:39:19.988192629 [E:onnxruntime:Default, env.cc:228 ThreadMain] pthread_setaffinity_np failed for thread: 2865278, index: 58, mask: {59, }, error code: 22 error msg: Invalid argument. Specify the number of threads explicitly so the affinity is not set.[m
[1;31m2026-08-01 11:39:19.959493590 [E:onnxruntime:Default, env.cc:228 ThreadMain] pthread_setaffinity_np failed for thread: 2865238, index: 18, mask: {19, }, error code: 22 error msg: Invalid argument. Specify the number of threads explicitly so the affinity is not set.[m
[1;31m2026-08-01 11:39:20.001980307 [E:onnxruntime:Default, env.cc:228 ThreadMain] pthread_setaffinity_np failed for thread: 2865273, index: 53, mask: {54, }, error code: 22 error msg: Invalid argument. Specify the number of threads explicitly so the affinity is not set.[m
[1;31m2026-08-01 11:39:20.009476984 [E:onnxruntime:Default, env.cc:228 ThreadMain] pthread_setaffinity_np failed for thread: 2865247, index: 27, mask: {28, }, error code: 22 error msg: Invalid argument. Specify the number of threads explicitly so the affinity is not set.[m
[1;31m2026-08-01 11:39:19.981048602 [E:onnxruntime:Default, env.cc:228 ThreadMain] pthread_setaffinity_np failed for thread: 2865242, index: 22, mask: {23, }, error code: 22 error msg: Invalid argument. Specify the number of threads explicitly so the affinity is not set.[m
[1;31m2026-08-01 11:39:20.017917920 [E:onnxruntime:Default, env.cc:228 ThreadMain] pthread_setaffinity_np failed for thread: 2865249, index: 29, mask: {30, }, error code: 22 error msg: Invalid argument. Specify the number of threads explicitly so the affinity is not set.[m
[1;31m2026-08-01 11:39:19.986478079 [E:onnxruntime:Default, env.cc:228 ThreadMain] pthread_setaffinity_np failed for thread: 2865271, index: 51, mask: {52, }, error code: 22 error msg: Invalid argument. Specify the number of threads explicitly so the affinity is not set.[m
[1;31m2026-08-01 11:39:19.986494299 [E:onnxruntime:Default, env.cc:228 ThreadMain] pthread_setaffinity_np failed for thread: 2865269, index: 49, mask: {50, }, error code: 22 error msg: Invalid argument. Specify the number of threads explicitly so the affinity is not set.[m
[1;31m2026-08-01 11:39:20.001914023 [E:onnxruntime:Default, env.cc:228 ThreadMain] pthread_setaffinity_np failed for thread: 2865240, index: 20, mask: {21, }, error code: 22 error msg: Invalid argument. Specify the number of threads explicitly so the affinity is not set.[m
[1;31m2026-08-01 11:39:20.009428764 [E:onnxruntime:Default, env.cc:228 ThreadMain] pthread_setaffinity_np failed for thread: 2865239, index: 19, mask: {20, }, error code: 22 error msg: Invalid argument. Specify the number of threads explicitly so the affinity is not set.[m
[1;31m2026-08-01 11:39:20.028481500 [E:onnxruntime:Default, env.cc:228 ThreadMain] pthread_setaffinity_np failed for thread: 2865244, index: 24, mask: {25, }, error code: 22 error msg: Invalid argument. Specify the number of threads explicitly so the affinity is not set.[m
[1;31m2026-08-01 11:39:20.011233754 [E:onnxruntime:Default, env.cc:228 ThreadMain] pthread_setaffinity_np failed for thread: 2865268, index: 48, mask: {49, }, error code: 22 error msg: Invalid argument. Specify the number of threads explicitly so the affinity is not set.[m
[1;31m2026-08-01 11:39:19.986526590 [E:onnxruntime:Default, env.cc:228 ThreadMain] pthread_setaffinity_np failed for thread: 2865274, index: 54, mask: {55, }, error code: 22 error msg: Invalid argument. Specify the number of threads explicitly so the affinity is not set.[m
[1;31m2026-08-01 11:39:20.001933499 [E:onnxruntime:Default, env.cc:228 ThreadMain] pthread_setaffinity_np failed for thread: 2865277, index: 57, mask: {58, }, error code: 22 error msg: Invalid argument. Specify the number of threads explicitly so the affinity is not set.[m
[1;31m2026-08-01 11:39:20.014508997 [E:onnxruntime:Default, env.cc:228 ThreadMain] pthread_setaffinity_np failed for thread: 2865272, index: 52, mask: {53, }, error code: 22 error msg: Invalid argument. Specify the number of threads explicitly so the affinity is not set.[m
[1;31m2026-08-01 11:39:20.017905967 [E:onnxruntime:Default, env.cc:228 ThreadMain] pthread_setaffinity_np failed for thread: 2865275, index: 55, mask: {56, }, error code: 22 error msg: Invalid argument. Specify the number of threads explicitly so the affinity is not set.[m
2026-08-01 11:39:23.902 | INFO     | __main__:create_app:236 - Request concurrency limited to 3
INFO:     Started server process [2865203]
INFO:     Waiting for application startup.
INFO:     Application startup complete.
INFO:     Uvicorn running on http://127.0.0.1:49701 (Press CTRL+C to quit)
2026-08-01 11:39:27.515 | INFO     | mineru.cli.client:run_planned_task:832 - Submitting batch 1/1 | 1 document, 25 pages in this batch | 25 pages total | task#1 [10.1038_s41591-026-04337-2]
2026-08-01 11:41:21.212 | WARNING  | mineru.cli.api_client:wait_for_task_result:950 - Timed out while polling task status for task#1 [10.1038_s41591-026-04337-2] (task_id=c1e42375-3089-4cdd-9dd5-dbd38e8b1d45). This can happen during cold start; retrying until the task deadline.
2026-08-01 11:44:17.176 | INFO     | mineru.backend.pipeline.pipeline_analyze:doc_analyze_streaming:209 - Pipeline processing-window multi-file run. doc_count=1, total_pages=25, window_size=64, total_batches=1
Start MinerU FastAPI Service: http://127.0.0.1:49701
API documentation: http://127.0.0.1:49701/docs
[1;31m2026-08-01 11:44:18.726149351 [E:onnxruntime:Default, env.cc:228 ThreadMain] pthread_setaffinity_np failed for thread: 2867803, index: 1, mask: {2, }, error code: 22 error msg: Invalid argument. Specify the number of threads explicitly so the affinity is not set.[m
[1;31m2026-08-01 11:44:18.726302218 [E:onnxruntime:Default, env.cc:228 ThreadMain] pthread_setaffinity_np failed for thread: 2867807, index: 5, mask: {6, }, error code: 22 error msg: Invalid argument. Specify the number of threads explicitly so the affinity is not set.[m
[1;31m2026-08-01 11:44:18.726415821 [E:onnxruntime:Default, env.cc:228 ThreadMain] pthread_setaffinity_np failed for thread: 2867808, index: 6, mask: {7, }, error code: 22 error msg: Invalid argument. Specify the number of threads explicitly so the affinity is not set.[m
[1;31m2026-08-01 11:44:18.726143991 [E:onnxruntime:Default, env.cc:228 ThreadMain] pthread_setaffinity_np failed for thread: 2867804, index: 2, mask: {3, }, error code: 22 error msg: Invalid argument. Specify the number of threads explicitly so the affinity is not set.[m
[1;31m2026-08-01 11:44:18.726279415 [E:onnxruntime:Default, env.cc:228 ThreadMain] pthread_setaffinity_np failed for thread: 2867806, index: 4, mask: {5, }, error code: 22 error msg: Invalid argument. Specify the number of threads explicitly so the affinity is not set.[m
[1;31m2026-08-01 11:44:18.726319891 [E:onnxruntime:Default, env.cc:228 ThreadMain] pthread_setaffinity_np failed for thread: 2867805, index: 3, mask: {4, }, error code: 22 error msg: Invalid argument. Specify the number of threads explicitly so the affinity is not set.[m
[1;31m2026-08-01 11:44:18.726144192 [E:onnxruntime:Default, env.cc:228 ThreadMain] pthread_setaffinity_np failed for thread: 2867802, index: 0, mask: {1, }, error code: 22 error msg: Invalid argument. Specify the number of threads explicitly so the affinity is not set.[m
[1;31m2026-08-01 11:44:18.726652083 [E:onnxruntime:Default, env.cc:228 ThreadMain] pthread_setaffinity_np failed for thread: 2867810, index: 8, mask: {9, }, error code: 22 error msg: Invalid argument. Specify the number of threads explicitly so the affinity is not set.[m
[1;31m2026-08-01 11:44:18.726723457 [E:onnxruntime:Default, env.cc:228 ThreadMain] pthread_setaffinity_np failed for thread: 2867812, index: 10, mask: {11, }, error code: 22 error msg: Invalid argument. Specify the number of threads explicitly so the affinity is not set.[m
[1;31m2026-08-01 11:44:18.726709781 [E:onnxruntime:Default, env.cc:228 ThreadMain] pthread_setaffinity_np failed for thread: 2867811, index: 9, mask: {10, }, error code: 22 error msg: Invalid argument. Specify the number of threads explicitly so the affinity is not set.[m
[1;31m2026-08-01 11:44:18.726853531 [E:onnxruntime:Default, env.cc:228 ThreadMain] pthread_setaffinity_np failed for thread: 2867814, index: 12, mask: {13, }, error code: 22 error msg: Invalid argument. Specify the number of threads explicitly so the affinity is not set.[m
[1;31m2026-08-01 11:44:18.726883156 [E:onnxruntime:Default, env.cc:228 ThreadMain] pthread_setaffinity_np failed for thread: 2867815, index: 13, mask: {14, }, error code: 22 error msg: Invalid argument. Specify the number of threads explicitly so the affinity is not set.[m
[1;31m2026-08-01 11:44:18.726943319 [E:onnxruntime:Default, env.cc:228 ThreadMain] pthread_setaffinity_np failed for thread: 2867816, index: 14, mask: {15, }, error code: 22 error msg: Invalid argument. Specify the number of threads explicitly so the affinity is not set.[m
[1;31m2026-08-01 11:44:18.727221741 [E:onnxruntime:Default, env.cc:228 ThreadMain] pthread_setaffinity_np failed for thread: 2867819, index: 17, mask: {18, }, error code: 22 error msg: Invalid argument. Specify the number of threads explicitly so the affinity is not set.[m
[1;31m2026-08-01 11:44:18.727395356 [E:onnxruntime:Default, env.cc:228 ThreadMain] pthread_setaffinity_np failed for thread: 2867820, index: 18, mask: {19, }, error code: 22 error msg: Invalid argument. Specify the number of threads explicitly so the affinity is not set.[m
[1;31m2026-08-01 11:44:18.726463259 [E:onnxruntime:Default, env.cc:228 ThreadMain] pthread_setaffinity_np failed for thread: 2867809, index: 7, mask: {8, }, error code: 22 error msg: Invalid argument. Specify the number of threads explicitly so the affinity is not set.[m
[1;31m2026-08-01 11:44:18.727433597 [E:onnxruntime:Default, env.cc:228 ThreadMain] pthread_setaffinity_np failed for thread: 2867821, index: 19, mask: {20, }, error code: 22 error msg: Invalid argument. Specify the number of threads explicitly so the affinity is not set.[m
[1;31m2026-08-01 11:44:18.728187751 [E:onnxruntime:Default, env.cc:228 ThreadMain] pthread_setaffinity_np failed for thread: 2867823, index: 21, mask: {22, }, error code: 22 error msg: Invalid argument. Specify the number of threads explicitly so the affinity is not set.[m
[1;31m2026-08-01 11:44:18.741050462 [E:onnxruntime:Default, env.cc:228 ThreadMain] pthread_setaffinity_np failed for thread: 2867818, index: 16, mask: {17, }, error code: 22 error msg: Invalid argument. Specify the number of threads explicitly so the affinity is not set.[m
[1;31m2026-08-01 11:44:18.727539155 [E:onnxruntime:Default, env.cc:228 ThreadMain] pthread_setaffinity_np failed for thread: 2867822, index: 20, mask: {21, }, error code: 22 error msg: Invalid argument. Specify the number of threads explicitly so the affinity is not set.[m
[1;31m2026-08-01 11:44:18.742708919 [E:onnxruntime:Default, env.cc:228 ThreadMain] pthread_setaffinity_np failed for thread: 2867817, index: 15, mask: {16, }, error code: 22 error msg: Invalid argument. Specify the number of threads explicitly so the affinity is not set.[m
[1;31m2026-08-01 11:44:18.743451100 [E:onnxruntime:Default, env.cc:228 ThreadMain] pthread_setaffinity_np failed for thread: 2867813, index: 11, mask: {12, }, error code: 22 error msg: Invalid argument. Specify the number of threads explicitly so the affinity is not set.[m
[1;31m2026-08-01 11:44:18.747919543 [E:onnxruntime:Default, env.cc:228 ThreadMain] pthread_setaffinity_np failed for thread: 2867825, index: 23, mask: {24, }, error code: 22 error msg: Invalid argument. Specify the number of threads explicitly so the affinity is not set.[m
[1;31m2026-08-01 11:44:18.750479349 [E:onnxruntime:Default, env.cc:228 ThreadMain] pthread_setaffinity_np failed for thread: 2867827, index: 25, mask: {26, }, error code: 22 error msg: Invalid argument. Specify the number of threads explicitly so the affinity is not set.[m
[1;31m2026-08-01 11:44:18.751490474 [E:onnxruntime:Default, env.cc:228 ThreadMain] pthread_setaffinity_np failed for thread: 2867826, index: 24, mask: {25, }, error code: 22 error msg: Invalid argument. Specify the number of threads explicitly so the affinity is not set.[m
[1;31m2026-08-01 11:44:18.757473765 [E:onnxruntime:Default, env.cc:228 ThreadMain] pthread_setaffinity_np failed for thread: 2867856, index: 54, mask: {55, }, error code: 22 error msg: Invalid argument. Specify the number of threads explicitly so the affinity is not set.[m
[1;31m2026-08-01 11:44:18.755456425 [E:onnxruntime:Default, env.cc:228 ThreadMain] pthread_setaffinity_np failed for thread: 2867824, index: 22, mask: {23, }, error code: 22 error msg: Invalid argument. Specify the number of threads explicitly so the affinity is not set.[m
[1;31m2026-08-01 11:44:18.755455663 [E:onnxruntime:Default, env.cc:228 ThreadMain] pthread_setaffinity_np failed for thread: 2867830, index: 28, mask: {29, }, error code: 22 error msg: Invalid argument. Specify the number of threads explicitly so the affinity is not set.[m
[1;31m2026-08-01 11:44:18.767905811 [E:onnxruntime:Default, env.cc:228 ThreadMain] pthread_setaffinity_np failed for thread: 2867849, index: 47, mask: {48, }, error code: 22 error msg: Invalid argument. Specify the number of threads explicitly so the affinity is not set.[m
[1;31m2026-08-01 11:44:18.779510716 [E:onnxruntime:Default, env.cc:228 ThreadMain] pthread_setaffinity_np failed for thread: 2867831, index: 29, mask: {30, }, error code: 22 error msg: Invalid argument. Specify the number of threads explicitly so the affinity is not set.[m
[1;31m2026-08-01 11:44:18.790510567 [E:onnxruntime:Default, env.cc:228 ThreadMain] pthread_setaffinity_np failed for thread: 2867852, index: 50, mask: {51, }, error code: 22 error msg: Invalid argument. Specify the number of threads explicitly so the affinity is not set.[m
[1;31m2026-08-01 11:44:18.791492987 [E:onnxruntime:Default, env.cc:228 ThreadMain] pthread_setaffinity_np failed for thread: 2867853, index: 51, mask: {52, }, error code: 22 error msg: Invalid argument. Specify the number of threads explicitly so the affinity is not set.[m
[1;31m2026-08-01 11:44:18.809399499 [E:onnxruntime:Default, env.cc:228 ThreadMain] pthread_setaffinity_np failed for thread: 2867858, index: 56, mask: {57, }, error code: 22 error msg: Invalid argument. Specify the number of threads explicitly so the affinity is not set.[m
[1;31m2026-08-01 11:44:18.811481220 [E:onnxruntime:Default, env.cc:228 ThreadMain] pthread_setaffinity_np failed for thread: 2867864, index: 62, mask: {63, }, error code: 22 error msg: Invalid argument. Specify the number of threads explicitly so the affinity is not set.[m
[1;31m2026-08-01 11:44:18.820466255 [E:onnxruntime:Default, env.cc:228 ThreadMain] pthread_setaffinity_np failed for thread: 2867859, index: 57, mask: {58, }, error code: 22 error msg: Invalid argument. Specify the number of threads explicitly so the affinity is not set.[m
[1;31m2026-08-01 11:44:18.773469957 [E:onnxruntime:Default, env.cc:228 ThreadMain] pthread_setaffinity_np failed for thread: 2867851, index: 49, mask: {50, }, error code: 22 error msg: Invalid argument. Specify the number of threads explicitly so the affinity is not set.[m
[1;31m2026-08-01 11:44:18.791994126 [E:onnxruntime:Default, env.cc:228 ThreadMain] pthread_setaffinity_np failed for thread: 2867850, index: 48, mask: {49, }, error code: 22 error msg: Invalid argument. Specify the number of threads explicitly so the affinity is not set.[m
[1;31m2026-08-01 11:44:18.792004265 [E:onnxruntime:Default, env.cc:228 ThreadMain] pthread_setaffinity_np failed for thread: 2867829, index: 27, mask: {28, }, error code: 22 error msg: Invalid argument. Specify the number of threads explicitly so the affinity is not set.[m
[1;31m2026-08-01 11:44:18.791998004 [E:onnxruntime:Default, env.cc:228 ThreadMain] pthread_setaffinity_np failed for thread: 2867828, index: 26, mask: {27, }, error code: 22 error msg: Invalid argument. Specify the number of threads explicitly so the affinity is not set.[m
[1;31m2026-08-01 11:44:18.803470269 [E:onnxruntime:Default, env.cc:228 ThreadMain] pthread_setaffinity_np failed for thread: 2867832, index: 30, mask: {31, }, error code: 22 error msg: Invalid argument. Specify the number of threads explicitly so the affinity is not set.[m
[1;31m2026-08-01 11:44:18.820495610 [E:onnxruntime:Default, env.cc:228 ThreadMain] pthread_setaffinity_np failed for thread: 2867863, index: 61, mask: {62, }, error code: 22 error msg: Invalid argument. Specify the number of threads explicitly so the affinity is not set.[m
[1;31m2026-08-01 11:44:18.820558839 [E:onnxruntime:Default, env.cc:228 ThreadMain] pthread_setaffinity_np failed for thread: 2867860, index: 58, mask: {59, }, error code: 22 error msg: Invalid argument. Specify the number of threads explicitly so the affinity is not set.[m
[1;31m2026-08-01 11:44:18.829476248 [E:onnxruntime:Default, env.cc:228 ThreadMain] pthread_setaffinity_np failed for thread: 2867861, index: 59, mask: {60, }, error code: 22 error msg: Invalid argument. Specify the number of threads explicitly so the affinity is not set.[m
[1;31m2026-08-01 11:44:18.829585582 [E:onnxruntime:Default, env.cc:228 ThreadMain] pthread_setaffinity_np failed for thread: 2867855, index: 53, mask: {54, }, error code: 22 error msg: Invalid argument. Specify the number of threads explicitly so the affinity is not set.[m
[1;31m2026-08-01 11:44:18.791962287 [E:onnxruntime:Default, env.cc:228 ThreadMain] pthread_setaffinity_np failed for thread: 2867854, index: 52, mask: {53, }, error code: 22 error msg: Invalid argument. Specify the number of threads explicitly so the affinity is not set.[m
[1;31m2026-08-01 11:44:18.820563448 [E:onnxruntime:Default, env.cc:228 ThreadMain] pthread_setaffinity_np failed for thread: 2867857, index: 55, mask: {56, }, error code: 22 error msg: Invalid argument. Specify the number of threads explicitly so the affinity is not set.[m
[1;31m2026-08-01 11:44:18.829589249 [E:onnxruntime:Default, env.cc:228 ThreadMain] pthread_setaffinity_np failed for thread: 2867862, index: 60, mask: {61, }, error code: 22 error msg: Invalid argument. Specify the number of threads explicitly so the affinity is not set.[m
2026-08-01 11:44:25.325 | INFO     | mineru.backend.pipeline.pipeline_analyze:doc_analyze_streaming:264 - Pipeline processing window batch 1/1: 25/25 pages, batch_pages=25, doc_slices=doc0:1-25
/work/hdd/bgkq/xchen48/conda_envs/mineru/lib/python3.11/site-packages/torch/cuda/__init__.py:187: UserWarning: CUDA initialization: The NVIDIA driver on your system is too old (found version 12080). Please update your GPU driver by downloading and installing a new version from the URL: http://www.nvidia.com/Download/index.aspx Alternatively, go to: https://pytorch.org to install a PyTorch version that has been compiled with your version of the CUDA driver. (Triggered internally at /pytorch/c10/cuda/CUDAFunctions.cpp:119.)
  return torch._C._cuda_getDeviceCount() > 0
2026-08-01 11:44:25.815 | INFO     | mineru.backend.pipeline.pipeline_analyze:batch_image_analyze:364 - GPU Memory: 1 GB, Batch Ratio: 1. 
2026-08-01 11:44:25.815 | INFO     | mineru.backend.pipeline.model_init:__init__:239 - DocAnalysis init, this may take some times......
[1;31m2026-08-01 11:44:45.291146706 [E:onnxruntime:Default, env.cc:228 ThreadMain] pthread_setaffinity_np failed for thread: 2867915, index: 2, mask: {3, }, error code: 22 error msg: Invalid argument. Specify the number of threads explicitly so the affinity is not set.[m
[1;31m2026-08-01 11:44:45.291195007 [E:onnxruntime:Default, env.cc:228 ThreadMain] pthread_setaffinity_np failed for thread: 2867914, index: 1, mask: {2, }, error code: 22 error msg: Invalid argument. Specify the number of threads explicitly so the affinity is not set.[m
[1;31m2026-08-01 11:44:45.291182042 [E:onnxruntime:Default, env.cc:228 ThreadMain] pthread_setaffinity_np failed for thread: 2867913, index: 0, mask: {1, }, error code: 22 error msg: Invalid argument. Specify the number of threads explicitly so the affinity is not set.[m
[1;31m2026-08-01 11:44:45.291354916 [E:onnxruntime:Default, env.cc:228 ThreadMain] pthread_setaffinity_np failed for thread: 2867917, index: 4, mask: {5, }, error code: 22 error msg: Invalid argument. Specify the number of threads explicitly so the affinity is not set.[m
[1;31m2026-08-01 11:44:45.291312567 [E:onnxruntime:Default, env.cc:228 ThreadMain] pthread_setaffinity_np failed for thread: 2867918, index: 5, mask: {6, }, error code: 22 error msg: Invalid argument. Specify the number of threads explicitly so the affinity is not set.[m
[1;31m2026-08-01 11:44:45.291237576 [E:onnxruntime:Default, env.cc:228 ThreadMain] pthread_setaffinity_np failed for thread: 2867916, index: 3, mask: {4, }, error code: 22 error msg: Invalid argument. Specify the number of threads explicitly so the affinity is not set.[m
[1;31m2026-08-01 11:44:45.291468990 [E:onnxruntime:Default, env.cc:228 ThreadMain] pthread_setaffinity_np failed for thread: 2867920, index: 7, mask: {8, }, error code: 22 error msg: Invalid argument. Specify the number of threads explicitly so the affinity is not set.[m
[1;31m2026-08-01 11:44:45.291658034 [E:onnxruntime:Default, env.cc:228 ThreadMain] pthread_setaffinity_np failed for thread: 2867924, index: 11, mask: {12, }, error code: 22 error msg: Invalid argument. Specify the number of threads explicitly so the affinity is not set.[m
[1;31m2026-08-01 11:44:45.291542618 [E:onnxruntime:Default, env.cc:228 ThreadMain] pthread_setaffinity_np failed for thread: 2867921, index: 8, mask: {9, }, error code: 22 error msg: Invalid argument. Specify the number of threads explicitly so the affinity is not set.[m
[1;31m2026-08-01 11:44:45.291610205 [E:onnxruntime:Default, env.cc:228 ThreadMain] pthread_setaffinity_np failed for thread: 2867923, index: 10, mask: {11, }, error code: 22 error msg: Invalid argument. Specify the number of threads explicitly so the affinity is not set.[m
[1;31m2026-08-01 11:44:45.291837941 [E:onnxruntime:Default, env.cc:228 ThreadMain] pthread_setaffinity_np failed for thread: 2867929, index: 16, mask: {17, }, error code: 22 error msg: Invalid argument. Specify the number of threads explicitly so the affinity is not set.[m
[1;31m2026-08-01 11:44:45.291867497 [E:onnxruntime:Default, env.cc:228 ThreadMain] pthread_setaffinity_np failed for thread: 2867930, index: 17, mask: {18, }, error code: 22 error msg: Invalid argument. Specify the number of threads explicitly so the affinity is not set.[m
[1;31m2026-08-01 11:44:45.291736491 [E:onnxruntime:Default, env.cc:228 ThreadMain] pthread_setaffinity_np failed for thread: 2867926, index: 13, mask: {14, }, error code: 22 error msg: Invalid argument. Specify the number of threads explicitly so the affinity is not set.[m
[1;31m2026-08-01 11:44:45.291739487 [E:onnxruntime:Default, env.cc:228 ThreadMain] pthread_setaffinity_np failed for thread: 2867922, index: 9, mask: {10, }, error code: 22 error msg: Invalid argument. Specify the number of threads explicitly so the affinity is not set.[m
[1;31m2026-08-01 11:44:45.292017097 [E:onnxruntime:Default, env.cc:228 ThreadMain] pthread_setaffinity_np failed for thread: 2867934, index: 21, mask: {22, }, error code: 22 error msg: Invalid argument. Specify the number of threads explicitly so the affinity is not set.[m
[1;31m2026-08-01 11:44:45.291794911 [E:onnxruntime:Default, env.cc:228 ThreadMain] pthread_setaffinity_np failed for thread: 2867927, index: 14, mask: {15, }, error code: 22 error msg: Invalid argument. Specify the number of threads explicitly so the affinity is not set.[m
[1;31m2026-08-01 11:44:45.291456537 [E:onnxruntime:Default, env.cc:228 ThreadMain] pthread_setaffinity_np failed for thread: 2867919, index: 6, mask: {7, }, error code: 22 error msg: Invalid argument. Specify the number of threads explicitly so the affinity is not set.[m
[1;31m2026-08-01 11:44:45.293225120 [E:onnxruntime:Default, env.cc:228 ThreadMain] pthread_setaffinity_np failed for thread: 2867935, index: 22, mask: {23, }, error code: 22 error msg: Invalid argument. Specify the number of threads explicitly so the affinity is not set.[m
[1;31m2026-08-01 11:44:45.297474853 [E:onnxruntime:Default, env.cc:228 ThreadMain] pthread_setaffinity_np failed for thread: 2867972, index: 59, mask: {60, }, error code: 22 error msg: Invalid argument. Specify the number of threads explicitly so the affinity is not set.[m
[1;31m2026-08-01 11:44:45.291915747 [E:onnxruntime:Default, env.cc:228 ThreadMain] pthread_setaffinity_np failed for thread: 2867931, index: 18, mask: {19, }, error code: 22 error msg: Invalid argument. Specify the number of threads explicitly so the affinity is not set.[m
[1;31m2026-08-01 11:44:45.291953688 [E:onnxruntime:Default, env.cc:228 ThreadMain] pthread_setaffinity_np failed for thread: 2867932, index: 19, mask: {20, }, error code: 22 error msg: Invalid argument. Specify the number of threads explicitly so the affinity is not set.[m
[1;31m2026-08-01 11:44:45.291989064 [E:onnxruntime:Default, env.cc:228 ThreadMain] pthread_setaffinity_np failed for thread: 2867933, index: 20, mask: {21, }, error code: 22 error msg: Invalid argument. Specify the number of threads explicitly so the affinity is not set.[m
[1;31m2026-08-01 11:44:45.300795245 [E:onnxruntime:Default, env.cc:228 ThreadMain] pthread_setaffinity_np failed for thread: 2867936, index: 23, mask: {24, }, error code: 22 error msg: Invalid argument. Specify the number of threads explicitly so the affinity is not set.[m
[1;31m2026-08-01 11:44:45.301038601 [E:onnxruntime:Default, env.cc:228 ThreadMain] pthread_setaffinity_np failed for thread: 2867940, index: 27, mask: {28, }, error code: 22 error msg: Invalid argument. Specify the number of threads explicitly so the affinity is not set.[m
[1;31m2026-08-01 11:44:45.301468105 [E:onnxruntime:Default, env.cc:228 ThreadMain] pthread_setaffinity_np failed for thread: 2867973, index: 60, mask: {61, }, error code: 22 error msg: Invalid argument. Specify the number of threads explicitly so the affinity is not set.[m
[1;31m2026-08-01 11:44:45.301493984 [E:onnxruntime:Default, env.cc:228 ThreadMain] pthread_setaffinity_np failed for thread: 2867937, index: 24, mask: {25, }, error code: 22 error msg: Invalid argument. Specify the number of threads explicitly so the affinity is not set.[m
[1;31m2026-08-01 11:44:45.301676145 [E:onnxruntime:Default, env.cc:228 ThreadMain] pthread_setaffinity_np failed for thread: 2867974, index: 61, mask: {62, }, error code: 22 error msg: Invalid argument. Specify the number of threads explicitly so the affinity is not set.[m
[1;31m2026-08-01 11:44:45.301823451 [E:onnxruntime:Default, env.cc:228 ThreadMain] pthread_setaffinity_np failed for thread: 2867970, index: 57, mask: {58, }, error code: 22 error msg: Invalid argument. Specify the number of threads explicitly so the affinity is not set.[m
[1;31m2026-08-01 11:44:45.304134792 [E:onnxruntime:Default, env.cc:228 ThreadMain] pthread_setaffinity_np failed for thread: 2867963, index: 50, mask: {51, }, error code: 22 error msg: Invalid argument. Specify the number of threads explicitly so the affinity is not set.[m
[1;31m2026-08-01 11:44:45.304481422 [E:onnxruntime:Default, env.cc:228 ThreadMain] pthread_setaffinity_np failed for thread: 2867941, index: 28, mask: {29, }, error code: 22 error msg: Invalid argument. Specify the number of threads explicitly so the affinity is not set.[m
[1;31m2026-08-01 11:44:45.305497806 [E:onnxruntime:Default, env.cc:228 ThreadMain] pthread_setaffinity_np failed for thread: 2867962, index: 49, mask: {50, }, error code: 22 error msg: Invalid argument. Specify the number of threads explicitly so the affinity is not set.[m
[1;31m2026-08-01 11:44:45.291797796 [E:onnxruntime:Default, env.cc:228 ThreadMain] pthread_setaffinity_np failed for thread: 2867928, index: 15, mask: {16, }, error code: 22 error msg: Invalid argument. Specify the number of threads explicitly so the affinity is not set.[m
[1;31m2026-08-01 11:44:45.307552837 [E:onnxruntime:Default, env.cc:228 ThreadMain] pthread_setaffinity_np failed for thread: 2867943, index: 30, mask: {31, }, error code: 22 error msg: Invalid argument. Specify the number of threads explicitly so the affinity is not set.[m
[1;31m2026-08-01 11:44:45.308471989 [E:onnxruntime:Default, env.cc:228 ThreadMain] pthread_setaffinity_np failed for thread: 2867969, index: 56, mask: {57, }, error code: 22 error msg: Invalid argument. Specify the number of threads explicitly so the affinity is not set.[m
[1;31m2026-08-01 11:44:45.297494059 [E:onnxruntime:Default, env.cc:228 ThreadMain] pthread_setaffinity_np failed for thread: 2867975, index: 62, mask: {63, }, error code: 22 error msg: Invalid argument. Specify the number of threads explicitly so the affinity is not set.[m
[1;31m2026-08-01 11:44:45.297524567 [E:onnxruntime:Default, env.cc:228 ThreadMain] pthread_setaffinity_np failed for thread: 2867971, index: 58, mask: {59, }, error code: 22 error msg: Invalid argument. Specify the number of threads explicitly so the affinity is not set.[m
[1;31m2026-08-01 11:44:45.311675101 [E:onnxruntime:Default, env.cc:228 ThreadMain] pthread_setaffinity_np failed for thread: 2867968, index: 55, mask: {56, }, error code: 22 error msg: Invalid argument. Specify the number of threads explicitly so the affinity is not set.[m
[1;31m2026-08-01 11:44:45.311926412 [E:onnxruntime:Default, env.cc:228 ThreadMain] pthread_setaffinity_np failed for thread: 2867967, index: 54, mask: {55, }, error code: 22 error msg: Invalid argument. Specify the number of threads explicitly so the affinity is not set.[m
[1;31m2026-08-01 11:44:45.317937996 [E:onnxruntime:Default, env.cc:228 ThreadMain] pthread_setaffinity_np failed for thread: 2867960, index: 47, mask: {48, }, error code: 22 error msg: Invalid argument. Specify the number of threads explicitly so the affinity is not set.[m
[1;31m2026-08-01 11:44:45.321237759 [E:onnxruntime:Default, env.cc:228 ThreadMain] pthread_setaffinity_np failed for thread: 2867961, index: 48, mask: {49, }, error code: 22 error msg: Invalid argument. Specify the number of threads explicitly so the affinity is not set.[m
[1;31m2026-08-01 11:44:45.321927491 [E:onnxruntime:Default, env.cc:228 ThreadMain] pthread_setaffinity_np failed for thread: 2867938, index: 25, mask: {26, }, error code: 22 error msg: Invalid argument. Specify the number of threads explicitly so the affinity is not set.[m
[1;31m2026-08-01 11:44:45.291685876 [E:onnxruntime:Default, env.cc:228 ThreadMain] pthread_setaffinity_np failed for thread: 2867925, index: 12, mask: {13, }, error code: 22 error msg: Invalid argument. Specify the number of threads explicitly so the affinity is not set.[m
[1;31m2026-08-01 11:44:45.333461352 [E:onnxruntime:Default, env.cc:228 ThreadMain] pthread_setaffinity_np failed for thread: 2867965, index: 52, mask: {53, }, error code: 22 error msg: Invalid argument. Specify the number of threads explicitly so the affinity is not set.[m
[1;31m2026-08-01 11:44:45.337373452 [E:onnxruntime:Default, env.cc:228 ThreadMain] pthread_setaffinity_np failed for thread: 2867939, index: 26, mask: {27, }, error code: 22 error msg: Invalid argument. Specify the number of threads explicitly so the affinity is not set.[m
[1;31m2026-08-01 11:44:45.347906388 [E:onnxruntime:Default, env.cc:228 ThreadMain] pthread_setaffinity_np failed for thread: 2867966, index: 53, mask: {54, }, error code: 22 error msg: Invalid argument. Specify the number of threads explicitly so the affinity is not set.[m
[1;31m2026-08-01 11:44:45.355459080 [E:onnxruntime:Default, env.cc:228 ThreadMain] pthread_setaffinity_np failed for thread: 2867942, index: 29, mask: {30, }, error code: 22 error msg: Invalid argument. Specify the number of threads explicitly so the affinity is not set.[m
[1;31m2026-08-01 11:44:45.367457291 [E:onnxruntime:Default, env.cc:228 ThreadMain] pthread_setaffinity_np failed for thread: 2867964, index: 51, mask: {52, }, error code: 22 error msg: Invalid argument. Specify the number of threads explicitly so the affinity is not set.[m
[1;31m2026-08-01 11:44:45.552463012 [E:onnxruntime:Default, env.cc:228 ThreadMain] pthread_setaffinity_np failed for thread: 2867992, index: 0, mask: {1, }, error code: 22 error msg: Invalid argument. Specify the number of threads explicitly so the affinity is not set.[m
[1;31m2026-08-01 11:44:45.552497797 [E:onnxruntime:Default, env.cc:228 ThreadMain] pthread_setaffinity_np failed for thread: 2867993, index: 1, mask: {2, }, error code: 22 error msg: Invalid argument. Specify the number of threads explicitly so the affinity is not set.[m
[1;31m2026-08-01 11:44:45.552535978 [E:onnxruntime:Default, env.cc:228 ThreadMain] pthread_setaffinity_np failed for thread: 2867994, index: 2, mask: {3, }, error code: 22 error msg: Invalid argument. Specify the number of threads explicitly so the affinity is not set.[m
[1;31m2026-08-01 11:44:45.552557268 [E:onnxruntime:Default, env.cc:228 ThreadMain] pthread_setaffinity_np failed for thread: 2867995, index: 3, mask: {4, }, error code: 22 error msg: Invalid argument. Specify the number of threads explicitly so the affinity is not set.[m
[1;31m2026-08-01 11:44:45.552620036 [E:onnxruntime:Default, env.cc:228 ThreadMain] pthread_setaffinity_np failed for thread: 2867996, index: 4, mask: {5, }, error code: 22 error msg: Invalid argument. Specify the number of threads explicitly so the affinity is not set.[m
[1;31m2026-08-01 11:44:45.552789573 [E:onnxruntime:Default, env.cc:228 ThreadMain] pthread_setaffinity_np failed for thread: 2867998, index: 6, mask: {7, }, error code: 22 error msg: Invalid argument. Specify the number of threads explicitly so the affinity is not set.[m
[1;31m2026-08-01 11:44:45.552825030 [E:onnxruntime:Default, env.cc:228 ThreadMain] pthread_setaffinity_np failed for thread: 2867999, index: 7, mask: {8, }, error code: 22 error msg: Invalid argument. Specify the number of threads explicitly so the affinity is not set.[m
[1;31m2026-08-01 11:44:45.552751512 [E:onnxruntime:Default, env.cc:228 ThreadMain] pthread_setaffinity_np failed for thread: 2867997, index: 5, mask: {6, }, error code: 22 error msg: Invalid argument. Specify the number of threads explicitly so the affinity is not set.[m
[1;31m2026-08-01 11:44:45.552919697 [E:onnxruntime:Default, env.cc:228 ThreadMain] pthread_setaffinity_np failed for thread: 2868002, index: 10, mask: {11, }, error code: 22 error msg: Invalid argument. Specify the number of threads explicitly so the affinity is not set.[m
[1;31m2026-08-01 11:44:45.552895652 [E:onnxruntime:Default, env.cc:228 ThreadMain] pthread_setaffinity_np failed for thread: 2868001, index: 9, mask: {10, }, error code: 22 error msg: Invalid argument. Specify the number of threads explicitly so the affinity is not set.[m
[1;31m2026-08-01 11:44:45.552845859 [E:onnxruntime:Default, env.cc:228 ThreadMain] pthread_setaffinity_np failed for thread: 2868000, index: 8, mask: {9, }, error code: 22 error msg: Invalid argument. Specify the number of threads explicitly so the affinity is not set.[m
[1;31m2026-08-01 11:44:45.552942600 [E:onnxruntime:Default, env.cc:228 ThreadMain] pthread_setaffinity_np failed for thread: 2868003, index: 11, mask: {12, }, error code: 22 error msg: Invalid argument. Specify the number of threads explicitly so the affinity is not set.[m
[1;31m2026-08-01 11:44:45.553128348 [E:onnxruntime:Default, env.cc:228 ThreadMain] pthread_setaffinity_np failed for thread: 2868004, index: 12, mask: {13, }, error code: 22 error msg: Invalid argument. Specify the number of threads explicitly so the affinity is not set.[m
[1;31m2026-08-01 11:44:45.553158956 [E:onnxruntime:Default, env.cc:228 ThreadMain] pthread_setaffinity_np failed for thread: 2868005, index: 13, mask: {14, }, error code: 22 error msg: Invalid argument. Specify the number of threads explicitly so the affinity is not set.[m
[1;31m2026-08-01 11:44:45.553235008 [E:onnxruntime:Default, env.cc:228 ThreadMain] pthread_setaffinity_np failed for thread: 2868006, index: 14, mask: {15, }, error code: 22 error msg: Invalid argument. Specify the number of threads explicitly so the affinity is not set.[m
[1;31m2026-08-01 11:44:45.553256969 [E:onnxruntime:Default, env.cc:228 ThreadMain] pthread_setaffinity_np failed for thread: 2868007, index: 15, mask: {16, }, error code: 22 error msg: Invalid argument. Specify the number of threads explicitly so the affinity is not set.[m
[1;31m2026-08-01 11:44:45.553368658 [E:onnxruntime:Default, env.cc:228 ThreadMain] pthread_setaffinity_np failed for thread: 2868009, index: 17, mask: {18, }, error code: 22 error msg: Invalid argument. Specify the number of threads explicitly so the affinity is not set.[m
[1;31m2026-08-01 11:44:45.553295451 [E:onnxruntime:Default, env.cc:228 ThreadMain] pthread_setaffinity_np failed for thread: 2868008, index: 16, mask: {17, }, error code: 22 error msg: Invalid argument. Specify the number of threads explicitly so the affinity is not set.[m
[1;31m2026-08-01 11:44:45.559499746 [E:onnxruntime:Default, env.cc:228 ThreadMain] pthread_setaffinity_np failed for thread: 2868049, index: 57, mask: {58, }, error code: 22 error msg: Invalid argument. Specify the number of threads explicitly so the affinity is not set.[m
[1;31m2026-08-01 11:44:45.559544440 [E:onnxruntime:Default, env.cc:228 ThreadMain] pthread_setaffinity_np failed for thread: 2868052, index: 60, mask: {61, }, error code: 22 error msg: Invalid argument. Specify the number of threads explicitly so the affinity is not set.[m
[1;31m2026-08-01 11:44:45.560471417 [E:onnxruntime:Default, env.cc:228 ThreadMain] pthread_setaffinity_np failed for thread: 2868044, index: 52, mask: {53, }, error code: 22 error msg: Invalid argument. Specify the number of threads explicitly so the affinity is not set.[m
[1;31m2026-08-01 11:44:45.560812737 [E:onnxruntime:Default, env.cc:228 ThreadMain] pthread_setaffinity_np failed for thread: 2868051, index: 59, mask: {60, }, error code: 22 error msg: Invalid argument. Specify the number of threads explicitly so the affinity is not set.[m
[1;31m2026-08-01 11:44:45.561498141 [E:onnxruntime:Default, env.cc:228 ThreadMain] pthread_setaffinity_np failed for thread: 2868043, index: 51, mask: {52, }, error code: 22 error msg: Invalid argument. Specify the number of threads explicitly so the affinity is not set.[m
[1;31m2026-08-01 11:44:45.559522649 [E:onnxruntime:Default, env.cc:228 ThreadMain] pthread_setaffinity_np failed for thread: 2868048, index: 56, mask: {57, }, error code: 22 error msg: Invalid argument. Specify the number of threads explicitly so the affinity is not set.[m
[1;31m2026-08-01 11:44:45.563473712 [E:onnxruntime:Default, env.cc:228 ThreadMain] pthread_setaffinity_np failed for thread: 2868039, index: 47, mask: {48, }, error code: 22 error msg: Invalid argument. Specify the number of threads explicitly so the affinity is not set.[m
[1;31m2026-08-01 11:44:45.564496499 [E:onnxruntime:Default, env.cc:228 ThreadMain] pthread_setaffinity_np failed for thread: 2868045, index: 53, mask: {54, }, error code: 22 error msg: Invalid argument. Specify the number of threads explicitly so the affinity is not set.[m
[1;31m2026-08-01 11:44:45.565478179 [E:onnxruntime:Default, env.cc:228 ThreadMain] pthread_setaffinity_np failed for thread: 2868014, index: 22, mask: {23, }, error code: 22 error msg: Invalid argument. Specify the number of threads explicitly so the affinity is not set.[m
[1;31m2026-08-01 11:44:45.566472311 [E:onnxruntime:Default, env.cc:228 ThreadMain] pthread_setaffinity_np failed for thread: 2868015, index: 23, mask: {24, }, error code: 22 error msg: Invalid argument. Specify the number of threads explicitly so the affinity is not set.[m
[1;31m2026-08-01 11:44:45.567373370 [E:onnxruntime:Default, env.cc:228 ThreadMain] pthread_setaffinity_np failed for thread: 2868012, index: 20, mask: {21, }, error code: 22 error msg: Invalid argument. Specify the number of threads explicitly so the affinity is not set.[m
[1;31m2026-08-01 11:44:45.564481781 [E:onnxruntime:Default, env.cc:228 ThreadMain] pthread_setaffinity_np failed for thread: 2868010, index: 18, mask: {19, }, error code: 22 error msg: Invalid argument. Specify the number of threads explicitly so the affinity is not set.[m
[1;31m2026-08-01 11:44:45.568483920 [E:onnxruntime:Default, env.cc:228 ThreadMain] pthread_setaffinity_np failed for thread: 2868050, index: 58, mask: {59, }, error code: 22 error msg: Invalid argument. Specify the number of threads explicitly so the affinity is not set.[m
[1;31m2026-08-01 11:44:45.571487388 [E:onnxruntime:Default, env.cc:228 ThreadMain] pthread_setaffinity_np failed for thread: 2868047, index: 55, mask: {56, }, error code: 22 error msg: Invalid argument. Specify the number of threads explicitly so the affinity is not set.[m
[1;31m2026-08-01 11:44:45.571525530 [E:onnxruntime:Default, env.cc:228 ThreadMain] pthread_setaffinity_np failed for thread: 2868013, index: 21, mask: {22, }, error code: 22 error msg: Invalid argument. Specify the number of threads explicitly so the affinity is not set.[m
[1;31m2026-08-01 11:44:45.571681351 [E:onnxruntime:Default, env.cc:228 ThreadMain] pthread_setaffinity_np failed for thread: 2868020, index: 28, mask: {29, }, error code: 22 error msg: Invalid argument. Specify the number of threads explicitly so the affinity is not set.[m
[1;31m2026-08-01 11:44:45.571508598 [E:onnxruntime:Default, env.cc:228 ThreadMain] pthread_setaffinity_np failed for thread: 2868017, index: 25, mask: {26, }, error code: 22 error msg: Invalid argument. Specify the number of threads explicitly so the affinity is not set.[m
[1;31m2026-08-01 11:44:45.580806970 [E:onnxruntime:Default, env.cc:228 ThreadMain] pthread_setaffinity_np failed for thread: 2868021, index: 29, mask: {30, }, error code: 22 error msg: Invalid argument. Specify the number of threads explicitly so the affinity is not set.[m
[1;31m2026-08-01 11:44:45.581237377 [E:onnxruntime:Default, env.cc:228 ThreadMain] pthread_setaffinity_np failed for thread: 2868019, index: 27, mask: {28, }, error code: 22 error msg: Invalid argument. Specify the number of threads explicitly so the affinity is not set.[m
[1;31m2026-08-01 11:44:45.581472898 [E:onnxruntime:Default, env.cc:228 ThreadMain] pthread_setaffinity_np failed for thread: 2868018, index: 26, mask: {27, }, error code: 22 error msg: Invalid argument. Specify the number of threads explicitly so the affinity is not set.[m
[1;31m2026-08-01 11:44:45.567918972 [E:onnxruntime:Default, env.cc:228 ThreadMain] pthread_setaffinity_np failed for thread: 2868016, index: 24, mask: {25, }, error code: 22 error msg: Invalid argument. Specify the number of threads explicitly so the affinity is not set.[m
[1;31m2026-08-01 11:44:45.597377048 [E:onnxruntime:Default, env.cc:228 ThreadMain] pthread_setaffinity_np failed for thread: 2868011, index: 19, mask: {20, }, error code: 22 error msg: Invalid argument. Specify the number of threads explicitly so the affinity is not set.[m
[1;31m2026-08-01 11:44:45.584485864 [E:onnxruntime:Default, env.cc:228 ThreadMain] pthread_setaffinity_np failed for thread: 2868040, index: 48, mask: {49, }, error code: 22 error msg: Invalid argument. Specify the number of threads explicitly so the affinity is not set.[m
[1;31m2026-08-01 11:44:45.576495171 [E:onnxruntime:Default, env.cc:228 ThreadMain] pthread_setaffinity_np failed for thread: 2868046, index: 54, mask: {55, }, error code: 22 error msg: Invalid argument. Specify the number of threads explicitly so the affinity is not set.[m
[1;31m2026-08-01 11:44:45.606486286 [E:onnxruntime:Default, env.cc:228 ThreadMain] pthread_setaffinity_np failed for thread: 2868053, index: 61, mask: {62, }, error code: 22 error msg: Invalid argument. Specify the number of threads explicitly so the affinity is not set.[m
[1;31m2026-08-01 11:44:45.606466780 [E:onnxruntime:Default, env.cc:228 ThreadMain] pthread_setaffinity_np failed for thread: 2868022, index: 30, mask: {31, }, error code: 22 error msg: Invalid argument. Specify the number of threads explicitly so the affinity is not set.[m
[1;31m2026-08-01 11:44:45.609405997 [E:onnxruntime:Default, env.cc:228 ThreadMain] pthread_setaffinity_np failed for thread: 2868054, index: 62, mask: {63, }, error code: 22 error msg: Invalid argument. Specify the number of threads explicitly so the affinity is not set.[m
[1;31m2026-08-01 11:44:45.604457966 [E:onnxruntime:Default, env.cc:228 ThreadMain] pthread_setaffinity_np failed for thread: 2868042, index: 50, mask: {51, }, error code: 22 error msg: Invalid argument. Specify the number of threads explicitly so the affinity is not set.[m
[1;31m2026-08-01 11:44:45.606459747 [E:onnxruntime:Default, env.cc:228 ThreadMain] pthread_setaffinity_np failed for thread: 2868041, index: 49, mask: {50, }, error code: 22 error msg: Invalid argument. Specify the number of threads explicitly so the affinity is not set.[m
[1;31m2026-08-01 11:44:46.058702867 [E:onnxruntime:Default, env.cc:228 ThreadMain] pthread_setaffinity_np failed for thread: 2868056, index: 1, mask: {2, }, error code: 22 error msg: Invalid argument. Specify the number of threads explicitly so the affinity is not set.[m
[1;31m2026-08-01 11:44:46.058716683 [E:onnxruntime:Default, env.cc:228 ThreadMain] pthread_setaffinity_np failed for thread: 2868055, index: 0, mask: {1, }, error code: 22 error msg: Invalid argument. Specify the number of threads explicitly so the affinity is not set.[m
[1;31m2026-08-01 11:44:46.058910927 [E:onnxruntime:Default, env.cc:228 ThreadMain] pthread_setaffinity_np failed for thread: 2868057, index: 2, mask: {3, }, error code: 22 error msg: Invalid argument. Specify the number of threads explicitly so the affinity is not set.[m
[1;31m2026-08-01 11:44:46.058966291 [E:onnxruntime:Default, env.cc:228 ThreadMain] pthread_setaffinity_np failed for thread: 2868059, index: 4, mask: {5, }, error code: 22 error msg: Invalid argument. Specify the number of threads explicitly so the affinity is not set.[m
[1;31m2026-08-01 11:44:46.058899525 [E:onnxruntime:Default, env.cc:228 ThreadMain] pthread_setaffinity_np failed for thread: 2868058, index: 3, mask: {4, }, error code: 22 error msg: Invalid argument. Specify the number of threads explicitly so the affinity is not set.[m
[1;31m2026-08-01 11:44:46.059039738 [E:onnxruntime:Default, env.cc:228 ThreadMain] pthread_setaffinity_np failed for thread: 2868061, index: 6, mask: {7, }, error code: 22 error msg: Invalid argument. Specify the number of threads explicitly so the affinity is not set.[m
[1;31m2026-08-01 11:44:46.059105531 [E:onnxruntime:Default, env.cc:228 ThreadMain] pthread_setaffinity_np failed for thread: 2868063, index: 8, mask: {9, }, error code: 22 error msg: Invalid argument. Specify the number of threads explicitly so the affinity is not set.[m
[1;31m2026-08-01 11:44:46.059070606 [E:onnxruntime:Default, env.cc:228 ThreadMain] pthread_setaffinity_np failed for thread: 2868062, index: 7, mask: {8, }, error code: 22 error msg: Invalid argument. Specify the number of threads explicitly so the affinity is not set.[m
[1;31m2026-08-01 11:44:46.059032745 [E:onnxruntime:Default, env.cc:228 ThreadMain] pthread_setaffinity_np failed for thread: 2868060, index: 5, mask: {6, }, error code: 22 error msg: Invalid argument. Specify the number of threads explicitly so the affinity is not set.[m
[1;31m2026-08-01 11:44:46.059251966 [E:onnxruntime:Default, env.cc:228 ThreadMain] pthread_setaffinity_np failed for thread: 2868064, index: 9, mask: {10, }, error code: 22 error msg: Invalid argument. Specify the number of threads explicitly so the affinity is not set.[m
[1;31m2026-08-01 11:44:46.059295598 [E:onnxruntime:Default, env.cc:228 ThreadMain] pthread_setaffinity_np failed for thread: 2868065, index: 10, mask: {11, }, error code: 22 error msg: Invalid argument. Specify the number of threads explicitly so the affinity is not set.[m
[1;31m2026-08-01 11:44:46.059311257 [E:onnxruntime:Default, env.cc:228 ThreadMain] pthread_setaffinity_np failed for thread: 2868066, index: 11, mask: {12, }, error code: 22 error msg: Invalid argument. Specify the number of threads explicitly so the affinity is not set.[m
[1;31m2026-08-01 11:44:46.059374586 [E:onnxruntime:Default, env.cc:228 ThreadMain] pthread_setaffinity_np failed for thread: 2868068, index: 13, mask: {14, }, error code: 22 error msg: Invalid argument. Specify the number of threads explicitly so the affinity is not set.[m
[1;31m2026-08-01 11:44:46.059353516 [E:onnxruntime:Default, env.cc:228 ThreadMain] pthread_setaffinity_np failed for thread: 2868067, index: 12, mask: {13, }, error code: 22 error msg: Invalid argument. Specify the number of threads explicitly so the affinity is not set.[m
[1;31m2026-08-01 11:44:46.059469093 [E:onnxruntime:Default, env.cc:228 ThreadMain] pthread_setaffinity_np failed for thread: 2868070, index: 15, mask: {16, }, error code: 22 error msg: Invalid argument. Specify the number of threads explicitly so the affinity is not set.[m
[1;31m2026-08-01 11:44:46.059441621 [E:onnxruntime:Default, env.cc:228 ThreadMain] pthread_setaffinity_np failed for thread: 2868069, index: 14, mask: {15, }, error code: 22 error msg: Invalid argument. Specify the number of threads explicitly so the affinity is not set.[m
[1;31m2026-08-01 11:44:46.060781442 [E:onnxruntime:Default, env.cc:228 ThreadMain] pthread_setaffinity_np failed for thread: 2868072, index: 17, mask: {18, }, error code: 22 error msg: Invalid argument. Specify the number of threads explicitly so the affinity is not set.[m
[1;31m2026-08-01 11:44:46.067368694 [E:onnxruntime:Default, env.cc:228 ThreadMain] pthread_setaffinity_np failed for thread: 2868102, index: 47, mask: {48, }, error code: 22 error msg: Invalid argument. Specify the number of threads explicitly so the affinity is not set.[m
[1;31m2026-08-01 11:44:46.067489801 [E:onnxruntime:Default, env.cc:228 ThreadMain] pthread_setaffinity_np failed for thread: 2868115, index: 60, mask: {61, }, error code: 22 error msg: Invalid argument. Specify the number of threads explicitly so the affinity is not set.[m
[1;31m2026-08-01 11:44:46.067474403 [E:onnxruntime:Default, env.cc:228 ThreadMain] pthread_setaffinity_np failed for thread: 2868073, index: 18, mask: {19, }, error code: 22 error msg: Invalid argument. Specify the number of threads explicitly so the affinity is not set.[m
[1;31m2026-08-01 11:44:46.077388449 [E:onnxruntime:Default, env.cc:228 ThreadMain] pthread_setaffinity_np failed for thread: 2868107, index: 52, mask: {53, }, error code: 22 error msg: Invalid argument. Specify the number of threads explicitly so the affinity is not set.[m
[1;31m2026-08-01 11:44:46.077916739 [E:onnxruntime:Default, env.cc:228 ThreadMain] pthread_setaffinity_np failed for thread: 2868079, index: 24, mask: {25, }, error code: 22 error msg: Invalid argument. Specify the number of threads explicitly so the affinity is not set.[m
[1;31m2026-08-01 11:44:46.086479834 [E:onnxruntime:Default, env.cc:228 ThreadMain] pthread_setaffinity_np failed for thread: 2868075, index: 20, mask: {21, }, error code: 22 error msg: Invalid argument. Specify the number of threads explicitly so the affinity is not set.[m
[1;31m2026-08-01 11:44:46.087935521 [E:onnxruntime:Default, env.cc:228 ThreadMain] pthread_setaffinity_np failed for thread: 2868106, index: 51, mask: {52, }, error code: 22 error msg: Invalid argument. Specify the number of threads explicitly so the affinity is not set.[m
[1;31m2026-08-01 11:44:46.091488568 [E:onnxruntime:Default, env.cc:228 ThreadMain] pthread_setaffinity_np failed for thread: 2868108, index: 53, mask: {54, }, error code: 22 error msg: Invalid argument. Specify the number of threads explicitly so the affinity is not set.[m
[1;31m2026-08-01 11:44:46.101487254 [E:onnxruntime:Default, env.cc:228 ThreadMain] pthread_setaffinity_np failed for thread: 2868112, index: 57, mask: {58, }, error code: 22 error msg: Invalid argument. Specify the number of threads explicitly so the affinity is not set.[m
[1;31m2026-08-01 11:44:46.109416781 [E:onnxruntime:Default, env.cc:228 ThreadMain] pthread_setaffinity_np failed for thread: 2868117, index: 62, mask: {63, }, error code: 22 error msg: Invalid argument. Specify the number of threads explicitly so the affinity is not set.[m
[1;31m2026-08-01 11:44:46.111482812 [E:onnxruntime:Default, env.cc:228 ThreadMain] pthread_setaffinity_np failed for thread: 2868114, index: 59, mask: {60, }, error code: 22 error msg: Invalid argument. Specify the number of threads explicitly so the affinity is not set.[m
[1;31m2026-08-01 11:44:46.121482078 [E:onnxruntime:Default, env.cc:228 ThreadMain] pthread_setaffinity_np failed for thread: 2868084, index: 29, mask: {30, }, error code: 22 error msg: Invalid argument. Specify the number of threads explicitly so the affinity is not set.[m
[1;31m2026-08-01 11:44:46.127434862 [E:onnxruntime:Default, env.cc:228 ThreadMain] pthread_setaffinity_np failed for thread: 2868071, index: 16, mask: {17, }, error code: 22 error msg: Invalid argument. Specify the number of threads explicitly so the affinity is not set.[m
[1;31m2026-08-01 11:44:46.127574454 [E:onnxruntime:Default, env.cc:228 ThreadMain] pthread_setaffinity_np failed for thread: 2868110, index: 55, mask: {56, }, error code: 22 error msg: Invalid argument. Specify the number of threads explicitly so the affinity is not set.[m
[1;31m2026-08-01 11:44:46.125511048 [E:onnxruntime:Default, env.cc:228 ThreadMain] pthread_setaffinity_np failed for thread: 2868109, index: 54, mask: {55, }, error code: 22 error msg: Invalid argument. Specify the number of threads explicitly so the affinity is not set.[m
[1;31m2026-08-01 11:44:46.125551063 [E:onnxruntime:Default, env.cc:228 ThreadMain] pthread_setaffinity_np failed for thread: 2868111, index: 56, mask: {57, }, error code: 22 error msg: Invalid argument. Specify the number of threads explicitly so the affinity is not set.[m
[1;31m2026-08-01 11:44:46.087905314 [E:onnxruntime:Default, env.cc:228 ThreadMain] pthread_setaffinity_np failed for thread: 2868080, index: 25, mask: {26, }, error code: 22 error msg: Invalid argument. Specify the number of threads explicitly so the affinity is not set.[m
[1;31m2026-08-01 11:44:46.131672713 [E:onnxruntime:Default, env.cc:228 ThreadMain] pthread_setaffinity_np failed for thread: 2868085, index: 30, mask: {31, }, error code: 22 error msg: Invalid argument. Specify the number of threads explicitly so the affinity is not set.[m
[1;31m2026-08-01 11:44:46.127390519 [E:onnxruntime:Default, env.cc:228 ThreadMain] pthread_setaffinity_np failed for thread: 2868116, index: 61, mask: {62, }, error code: 22 error msg: Invalid argument. Specify the number of threads explicitly so the affinity is not set.[m
[1;31m2026-08-01 11:44:46.127399947 [E:onnxruntime:Default, env.cc:228 ThreadMain] pthread_setaffinity_np failed for thread: 2868083, index: 28, mask: {29, }, error code: 22 error msg: Invalid argument. Specify the number of threads explicitly so the affinity is not set.[m
[1;31m2026-08-01 11:44:46.137904610 [E:onnxruntime:Default, env.cc:228 ThreadMain] pthread_setaffinity_np failed for thread: 2868113, index: 58, mask: {59, }, error code: 22 error msg: Invalid argument. Specify the number of threads explicitly so the affinity is not set.[m
[1;31m2026-08-01 11:44:46.131693341 [E:onnxruntime:Default, env.cc:228 ThreadMain] pthread_setaffinity_np failed for thread: 2868081, index: 26, mask: {27, }, error code: 22 error msg: Invalid argument. Specify the number of threads explicitly so the affinity is not set.[m
[1;31m2026-08-01 11:44:46.141693699 [E:onnxruntime:Default, env.cc:228 ThreadMain] pthread_setaffinity_np failed for thread: 2868103, index: 48, mask: {49, }, error code: 22 error msg: Invalid argument. Specify the number of threads explicitly so the affinity is not set.[m
[1;31m2026-08-01 11:44:46.153502005 [E:onnxruntime:Default, env.cc:228 ThreadMain] pthread_setaffinity_np failed for thread: 2868077, index: 22, mask: {23, }, error code: 22 error msg: Invalid argument. Specify the number of threads explicitly so the affinity is not set.[m
[1;31m2026-08-01 11:44:46.127405117 [E:onnxruntime:Default, env.cc:228 ThreadMain] pthread_setaffinity_np failed for thread: 2868104, index: 49, mask: {50, }, error code: 22 error msg: Invalid argument. Specify the number of threads explicitly so the affinity is not set.[m
[1;31m2026-08-01 11:44:46.127375110 [E:onnxruntime:Default, env.cc:228 ThreadMain] pthread_setaffinity_np failed for thread: 2868105, index: 50, mask: {51, }, error code: 22 error msg: Invalid argument. Specify the number of threads explicitly so the affinity is not set.[m
[1;31m2026-08-01 11:44:46.127395789 [E:onnxruntime:Default, env.cc:228 ThreadMain] pthread_setaffinity_np failed for thread: 2868082, index: 27, mask: {28, }, error code: 22 error msg: Invalid argument. Specify the number of threads explicitly so the affinity is not set.[m
[1;31m2026-08-01 11:44:46.141750295 [E:onnxruntime:Default, env.cc:228 ThreadMain] pthread_setaffinity_np failed for thread: 2868078, index: 23, mask: {24, }, error code: 22 error msg: Invalid argument. Specify the number of threads explicitly so the affinity is not set.[m
[1;31m2026-08-01 11:44:46.127543636 [E:onnxruntime:Default, env.cc:228 ThreadMain] pthread_setaffinity_np failed for thread: 2868076, index: 21, mask: {22, }, error code: 22 error msg: Invalid argument. Specify the number of threads explicitly so the affinity is not set.[m
[1;31m2026-08-01 11:44:46.163531056 [E:onnxruntime:Default, env.cc:228 ThreadMain] pthread_setaffinity_np failed for thread: 2868074, index: 19, mask: {20, }, error code: 22 error msg: Invalid argument. Specify the number of threads explicitly so the affinity is not set.[m
2026-08-01 11:44:46.201 | INFO     | mineru.backend.pipeline.model_init:__init__:291 - DocAnalysis init done!
2026-08-01 11:44:46.201 | INFO     | mineru.backend.pipeline.pipeline_analyze:custom_model_init:83 - model init cost: 20.386268854141235
Layout Predict:   0%|          | 0/25 [00:00<?, ?it/s]Layout Predict:   4%|▍         | 1/25 [00:23<09:15, 23.16s/it]Layout Predict:   8%|▊         | 2/25 [00:23<03:44,  9.78s/it]Layout Predict:  12%|█▏        | 3/25 [00:23<02:00,  5.49s/it]Layout Predict:  16%|█▌        | 4/25 [00:24<01:12,  3.47s/it]Layout Predict:  20%|██        | 5/25 [00:24<00:47,  2.37s/it]Layout Predict:  24%|██▍       | 6/25 [00:25<00:32,  1.70s/it]Layout Predict:  28%|██▊       | 7/25 [00:25<00:22,  1.27s/it]Layout Predict:  32%|███▏      | 8/25 [00:25<00:16,  1.01it/s]Layout Predict:  36%|███▌      | 9/25 [00:26<00:12,  1.25it/s]Layout Predict:  40%|████      | 10/25 [00:26<00:10,  1.47it/s]Layout Predict:  44%|████▍     | 11/25 [00:27<00:08,  1.69it/s]Layout Predict:  48%|████▊     | 12/25 [00:27<00:06,  1.88it/s]Layout Predict:  52%|█████▏    | 13/25 [00:27<00:05,  2.05it/s]Layout Predict:  56%|█████▌    | 14/25 [00:28<00:05,  2.19it/s]Layout Predict:  60%|██████    | 15/25 [00:28<00:04,  2.28it/s]Layout Predict:  64%|██████▍   | 16/25 [00:29<00:03,  2.36it/s]Layout Predict:  68%|██████▊   | 17/25 [00:29<00:03,  2.42it/s]Layout Predict:  72%|███████▏  | 18/25 [00:29<00:02,  2.46it/s]Layout Predict:  76%|███████▌  | 19/25 [00:30<00:02,  2.49it/s]Layout Predict:  80%|████████  | 20/25 [00:30<00:01,  2.50it/s]Layout Predict:  84%|████████▍ | 21/25 [00:31<00:01,  2.52it/s]Layout Predict:  88%|████████▊ | 22/25 [00:31<00:01,  2.54it/s]Layout Predict:  92%|█████████▏| 23/25 [00:31<00:00,  2.52it/s]Layout Predict:  96%|█████████▌| 24/25 [00:32<00:00,  2.52it/s]Layout Predict: 100%|██████████| 25/25 [00:32<00:00,  2.51it/s]Layout Predict: 100%|██████████| 25/25 [00:32<00:00,  1.30s/it]
MFR Predict:   0%|          | 0/62 [00:00<?, ?it/s]MFR Predict:  26%|██▌       | 16/62 [00:07<00:22,  2.08it/s]MFR Predict:  52%|█████▏    | 32/62 [00:12<00:11,  2.60it/s]MFR Predict: 100%|██████████| 62/62 [00:52<00:00,  1.05it/s]MFR Predict: 100%|██████████| 62/62 [00:52<00:00,  1.19it/s]
Table orientation det:   0%|          | 0/11 [00:00<?, ?it/s]Table orientation det:   9%|▉         | 1/11 [00:04<00:43,  4.34s/it]Table orientation det:  18%|█▊        | 2/11 [00:04<00:16,  1.85s/it]Table orientation det:  27%|██▋       | 3/11 [00:04<00:08,  1.10s/it]Table orientation det:  55%|█████▍    | 6/11 [00:04<00:02,  2.43it/s]Table orientation det:  73%|███████▎  | 8/11 [00:04<00:00,  3.60it/s]Table orientation det:  91%|█████████ | 10/11 [00:05<00:00,  5.03it/s]Table orientation score: 100%|██████████| 11/11 [00:05<00:00,  5.03it/s]Table orientation score: 100%|██████████| 11/11 [00:05<00:00,  5.03it/s]Table orientation: 100%|██████████| 11/11 [00:05<00:00,  5.03it/s]      Table orientation: 100%|██████████| 11/11 [00:05<00:00,  5.03it/s]Table orientation: 100%|██████████| 11/11 [00:05<00:00,  2.15it/s]
Table-ocr det:   0%|          | 0/11 [00:00<?, ?it/s]Table-ocr det:   9%|▉         | 1/11 [00:00<00:01,  6.28it/s]Table-ocr det:  27%|██▋       | 3/11 [00:00<00:01,  7.15it/s]Table-ocr det:  55%|█████▍    | 6/11 [00:00<00:00, 12.28it/s]Table-ocr det:  73%|███████▎  | 8/11 [00:00<00:00, 14.07it/s]Table-ocr det: 100%|██████████| 11/11 [00:00<00:00, 17.05it/s]Table-ocr det: 100%|██████████| 11/11 [00:00<00:00, 13.83it/s]
Table-ocr rec ch:   0%|          | 0/1310 [00:00<?, ?it/s]Table-ocr rec ch:   0%|          | 6/1310 [00:00<01:56, 11.20it/s]Table-ocr rec ch:   2%|▏         | 24/1310 [00:00<00:28, 45.36it/s]Table-ocr rec ch:   3%|▎         | 42/1310 [00:00<00:17, 74.13it/s]Table-ocr rec ch:   5%|▍         | 60/1310 [00:00<00:12, 96.91it/s]Table-ocr rec ch:   6%|▌         | 78/1310 [00:00<00:10, 114.86it/s]Table-ocr rec ch:   7%|▋         | 96/1310 [00:01<00:09, 127.73it/s]Table-ocr rec ch:   9%|▊         | 114/1310 [00:01<00:08, 136.91it/s]Table-ocr rec ch:  10%|█         | 132/1310 [00:01<00:08, 143.87it/s]Table-ocr rec ch:  11%|█▏        | 150/1310 [00:01<00:07, 149.47it/s]Table-ocr rec ch:  13%|█▎        | 168/1310 [00:01<00:07, 153.11it/s]Table-ocr rec ch:  14%|█▍        | 186/1310 [00:01<00:07, 155.66it/s]Table-ocr rec ch:  16%|█▌        | 204/1310 [00:01<00:07, 157.61it/s]Table-ocr rec ch:  17%|█▋        | 222/1310 [00:01<00:06, 159.31it/s]Table-ocr rec ch:  18%|█▊        | 240/1310 [00:01<00:06, 160.41it/s]Table-ocr rec ch:  20%|█▉        | 258/1310 [00:02<00:06, 160.43it/s]Table-ocr rec ch:  21%|██        | 276/1310 [00:02<00:06, 161.24it/s]Table-ocr rec ch:  22%|██▏       | 294/1310 [00:02<00:06, 162.21it/s]Table-ocr rec ch:  24%|██▍       | 312/1310 [00:02<00:06, 161.78it/s]Table-ocr rec ch:  25%|██▌       | 330/1310 [00:02<00:06, 161.80it/s]Table-ocr rec ch:  27%|██▋       | 348/1310 [00:02<00:05, 161.24it/s]Table-ocr rec ch:  28%|██▊       | 366/1310 [00:02<00:05, 161.05it/s]Table-ocr rec ch:  29%|██▉       | 384/1310 [00:02<00:05, 161.82it/s]Table-ocr rec ch:  31%|███       | 402/1310 [00:02<00:05, 161.79it/s]Table-ocr rec ch:  32%|███▏      | 420/1310 [00:03<00:05, 160.82it/s]Table-ocr rec ch:  33%|███▎      | 438/1310 [00:03<00:05, 161.04it/s]Table-ocr rec ch:  35%|███▍      | 456/1310 [00:03<00:05, 161.50it/s]Table-ocr rec ch:  36%|███▌      | 474/1310 [00:03<00:05, 161.51it/s]Table-ocr rec ch:  38%|███▊      | 492/1310 [00:03<00:05, 161.82it/s]Table-ocr rec ch:  39%|███▉      | 510/1310 [00:03<00:04, 161.92it/s]Table-ocr rec ch:  40%|████      | 528/1310 [00:03<00:04, 161.37it/s]Table-ocr rec ch:  42%|████▏     | 546/1310 [00:03<00:04, 161.69it/s]Table-ocr rec ch:  43%|████▎     | 564/1310 [00:03<00:04, 161.96it/s]Table-ocr rec ch:  44%|████▍     | 582/1310 [00:04<00:04, 161.23it/s]Table-ocr rec ch:  46%|████▌     | 600/1310 [00:04<00:04, 161.65it/s]Table-ocr rec ch:  47%|████▋     | 618/1310 [00:04<00:04, 161.72it/s]Table-ocr rec ch:  49%|████▊     | 636/1310 [00:04<00:04, 161.87it/s]Table-ocr rec ch:  50%|████▉     | 654/1310 [00:04<00:04, 161.07it/s]Table-ocr rec ch:  51%|█████▏    | 672/1310 [00:04<00:03, 161.32it/s]Table-ocr rec ch:  53%|█████▎    | 690/1310 [00:04<00:03, 160.91it/s]Table-ocr rec ch:  54%|█████▍    | 708/1310 [00:04<00:03, 161.34it/s]Table-ocr rec ch:  55%|█████▌    | 726/1310 [00:04<00:03, 161.55it/s]Table-ocr rec ch:  57%|█████▋    | 744/1310 [00:05<00:03, 160.96it/s]Table-ocr rec ch:  58%|█████▊    | 762/1310 [00:05<00:03, 161.00it/s]Table-ocr rec ch:  60%|█████▉    | 780/1310 [00:05<00:03, 160.93it/s]Table-ocr rec ch:  61%|██████    | 798/1310 [00:05<00:03, 161.17it/s]Table-ocr rec ch:  62%|██████▏   | 816/1310 [00:05<00:03, 161.38it/s]Table-ocr rec ch:  64%|██████▎   | 834/1310 [00:05<00:02, 161.67it/s]Table-ocr rec ch:  65%|██████▌   | 852/1310 [00:05<00:02, 161.70it/s]Table-ocr rec ch:  66%|██████▋   | 870/1310 [00:05<00:02, 161.84it/s]Table-ocr rec ch:  68%|██████▊   | 888/1310 [00:05<00:02, 161.71it/s]Table-ocr rec ch:  69%|██████▉   | 906/1310 [00:06<00:02, 161.33it/s]Table-ocr rec ch:  71%|███████   | 924/1310 [00:06<00:02, 160.99it/s]Table-ocr rec ch:  72%|███████▏  | 942/1310 [00:06<00:02, 161.20it/s]Table-ocr rec ch:  73%|███████▎  | 960/1310 [00:06<00:02, 161.08it/s]Table-ocr rec ch:  75%|███████▍  | 978/1310 [00:06<00:02, 161.21it/s]Table-ocr rec ch:  76%|███████▌  | 996/1310 [00:06<00:01, 161.24it/s]Table-ocr rec ch:  77%|███████▋  | 1014/1310 [00:06<00:01, 161.29it/s]Table-ocr rec ch:  79%|███████▉  | 1032/1310 [00:06<00:01, 161.33it/s]Table-ocr rec ch:  80%|████████  | 1050/1310 [00:06<00:01, 161.39it/s]Table-ocr rec ch:  82%|████████▏ | 1068/1310 [00:07<00:01, 160.91it/s]Table-ocr rec ch:  83%|████████▎ | 1086/1310 [00:07<00:01, 160.74it/s]Table-ocr rec ch:  84%|████████▍ | 1104/1310 [00:07<00:01, 161.08it/s]Table-ocr rec ch:  86%|████████▌ | 1122/1310 [00:07<00:01, 160.64it/s]Table-ocr rec ch:  87%|████████▋ | 1140/1310 [00:07<00:01, 160.76it/s]Table-ocr rec ch:  88%|████████▊ | 1158/1310 [00:07<00:00, 159.62it/s]Table-ocr rec ch:  90%|████████▉ | 1176/1310 [00:07<00:00, 159.55it/s]Table-ocr rec ch:  91%|█████████ | 1194/1310 [00:07<00:00, 159.33it/s]Table-ocr rec ch:  93%|█████████▎| 1212/1310 [00:08<00:00, 159.38it/s]Table-ocr rec ch:  94%|█████████▍| 1230/1310 [00:08<00:00, 140.53it/s]Table-ocr rec ch:  95%|█████████▌| 1248/1310 [00:08<00:00, 145.46it/s]Table-ocr rec ch:  97%|█████████▋| 1266/1310 [00:08<00:00, 139.65it/s]Table-ocr rec ch:  98%|█████████▊| 1284/1310 [00:08<00:00, 121.72it/s]Table-ocr rec ch:  99%|█████████▉| 1302/1310 [00:09<00:00, 68.07it/s] Table-ocr rec ch: 100%|██████████| 1310/1310 [00:09<00:00, 136.88it/s]
Table-wireless Predict:   0%|          | 0/11 [00:00<?, ?it/s]Table-wireless Predict:  36%|███▋      | 4/11 [00:04<00:08,  1.23s/it]Table-wireless Predict:  73%|███████▎  | 8/11 [00:08<00:03,  1.05s/it]Table-wireless Predict: 100%|██████████| 11/11 [00:10<00:00,  1.19it/s]Table-wireless Predict: 100%|██████████| 11/11 [00:10<00:00,  1.08it/s]
Table-wired Predict:   0%|          | 0/9 [00:00<?, ?it/s]Table-wired Predict:  11%|█         | 1/9 [00:04<00:36,  4.61s/it]Table-wired Predict:  22%|██▏       | 2/9 [00:06<00:22,  3.24s/it]Table-wired Predict:  33%|███▎      | 3/9 [00:09<00:18,  3.13s/it]Table-wired Predict:  44%|████▍     | 4/9 [00:10<00:11,  2.33s/it]Table-wired Predict:  56%|█████▌    | 5/9 [00:11<00:07,  1.75s/it]Table-wired Predict:  67%|██████▋   | 6/9 [00:14<00:06,  2.01s/it]Table-wired Predict:  78%|███████▊  | 7/9 [00:15<00:03,  1.82s/it]Table-wired Predict:  89%|████████▉ | 8/9 [00:17<00:01,  1.77s/it]Table-wired Predict: 100%|██████████| 9/9 [00:18<00:00,  1.56s/it]Table-wired Predict: 100%|██████████| 9/9 [00:18<00:00,  2.05s/it]
OCR-det ch:   0%|          | 0/355 [00:00<?, ?it/s]OCR-det ch:   0%|          | 1/355 [00:00<05:46,  1.02it/s]OCR-det ch:   5%|▌         | 18/355 [00:01<00:15, 22.05it/s]OCR-det ch:  10%|▉         | 34/355 [00:01<00:07, 40.23it/s]OCR-det ch:  14%|█▍        | 50/355 [00:01<00:05, 55.45it/s]OCR-det ch:  18%|█▊        | 65/355 [00:01<00:05, 55.76it/s]OCR-det ch:  23%|██▎       | 81/355 [00:01<00:04, 66.42it/s]OCR-det ch:  25%|██▌       | 90/355 [00:02<00:07, 36.99it/s]OCR-det ch:  29%|██▉       | 104/355 [00:02<00:07, 34.62it/s]OCR-det ch:  33%|███▎      | 117/355 [00:03<00:05, 40.68it/s]OCR-det ch:  35%|███▍      | 124/355 [00:03<00:07, 31.61it/s]OCR-det ch:  37%|███▋      | 131/355 [00:03<00:07, 29.20it/s]OCR-det ch:  39%|███▊      | 137/355 [00:04<00:07, 28.82it/s]OCR-det ch:  40%|███▉      | 141/355 [00:04<00:07, 27.54it/s]OCR-det ch:  41%|████      | 145/355 [00:04<00:07, 26.45it/s]OCR-det ch:  45%|████▍     | 158/355 [00:04<00:05, 38.74it/s]OCR-det ch:  46%|████▌     | 163/355 [00:04<00:06, 28.42it/s]OCR-det ch:  47%|████▋     | 167/355 [00:05<00:08, 22.65it/s]OCR-det ch:  49%|████▉     | 175/355 [00:05<00:06, 29.84it/s]OCR-det ch:  53%|█████▎    | 189/355 [00:05<00:03, 42.95it/s]OCR-det ch:  56%|█████▋    | 200/355 [00:05<00:04, 33.22it/s]OCR-det ch:  58%|█████▊    | 206/355 [00:06<00:04, 32.29it/s]OCR-det ch:  60%|█████▉    | 212/355 [00:06<00:07, 18.90it/s]OCR-det ch:  61%|██████▏   | 218/355 [00:07<00:06, 20.72it/s]OCR-det ch:  64%|██████▎   | 226/355 [00:07<00:05, 25.16it/s]OCR-det ch:  66%|██████▌   | 234/355 [00:07<00:04, 29.98it/s]OCR-det ch:  69%|██████▉   | 245/355 [00:07<00:03, 30.48it/s]OCR-det ch:  72%|███████▏  | 255/355 [00:08<00:03, 31.14it/s]OCR-det ch:  74%|███████▍  | 263/355 [00:08<00:02, 32.71it/s]OCR-det ch:  76%|███████▋  | 271/355 [00:08<00:02, 35.77it/s]OCR-det ch:  79%|███████▉  | 280/355 [00:08<00:02, 37.37it/s]OCR-det ch:  81%|████████  | 287/355 [00:08<00:01, 35.35it/s]OCR-det ch:  82%|████████▏ | 292/355 [00:09<00:02, 27.85it/s]OCR-det ch:  86%|████████▋ | 307/355 [00:09<00:01, 42.86it/s]OCR-det ch:  89%|████████▊ | 315/355 [00:09<00:01, 32.54it/s]OCR-det ch:  92%|█████████▏| 327/355 [00:10<00:00, 30.95it/s]OCR-det ch:  94%|█████████▎| 332/355 [00:10<00:00, 32.13it/s]OCR-det ch:  95%|█████████▌| 338/355 [00:10<00:00, 35.47it/s]OCR-det ch:  97%|█████████▋| 343/355 [00:10<00:00, 32.89it/s]OCR-det ch:  99%|█████████▊| 350/355 [00:10<00:00, 37.38it/s]OCR-det ch: 100%|██████████| 355/355 [00:10<00:00, 35.41it/s]OCR-det ch: 100%|██████████| 355/355 [00:10<00:00, 32.31it/s]
Seal Predict: 0it [00:00, ?it/s]Seal Predict: 0it [00:00, ?it/s]
Processing pages:   0%|          | 0/25 [00:00<?, ?it/s]Processing pages:   4%|▍         | 1/25 [00:00<00:03,  7.22it/s]Processing pages:   8%|▊         | 2/25 [00:01<00:15,  1.50it/s]Processing pages:  12%|█▏        | 3/25 [00:01<00:09,  2.32it/s]Processing pages:  16%|█▌        | 4/25 [00:01<00:06,  3.25it/s]Processing pages:  20%|██        | 5/25 [00:01<00:06,  3.26it/s]Processing pages:  24%|██▍       | 6/25 [00:01<00:04,  4.00it/s]Processing pages:  32%|███▏      | 8/25 [00:02<00:03,  5.65it/s]Processing pages:  36%|███▌      | 9/25 [00:02<00:02,  5.93it/s]Processing pages:  40%|████      | 10/25 [00:02<00:03,  4.82it/s]Processing pages:  44%|████▍     | 11/25 [00:02<00:02,  5.34it/s]Processing pages:  52%|█████▏    | 13/25 [00:02<00:01,  6.49it/s]Processing pages:  64%|██████▍   | 16/25 [00:03<00:01,  7.47it/s]Processing pages:  68%|██████▊   | 17/25 [00:03<00:01,  7.70it/s]Processing pages:  76%|███████▌  | 19/25 [00:03<00:00,  9.63it/s]Processing pages:  88%|████████▊ | 22/25 [00:03<00:00, 13.34it/s]Processing pages:  96%|█████████▌| 24/25 [00:03<00:00, 11.41it/s]
OCR-rec Predict:   0%|          | 0/123 [00:00<?, ?it/s][A
OCR-rec Predict:  15%|█▍        | 18/123 [00:00<00:00, 142.39it/s][A
OCR-rec Predict:  29%|██▉       | 36/123 [00:00<00:00, 125.61it/s][A
OCR-rec Predict:  44%|████▍     | 54/123 [00:00<00:00, 86.35it/s] [A
OCR-rec Predict:  54%|█████▎    | 66/123 [00:00<00:00, 60.76it/s][A
OCR-rec Predict:  63%|██████▎   | 78/123 [00:01<00:01, 42.85it/s][A
OCR-rec Predict:  68%|██████▊   | 84/123 [00:01<00:01, 36.56it/s][A
OCR-rec Predict:  73%|███████▎  | 90/123 [00:01<00:01, 30.65it/s][A
OCR-rec Predict:  78%|███████▊  | 96/123 [00:02<00:01, 26.61it/s][A
OCR-rec Predict:  83%|████████▎ | 102/123 [00:02<00:00, 24.24it/s][A
OCR-rec Predict:  88%|████████▊ | 108/123 [00:02<00:00, 22.47it/s][A
OCR-rec Predict:  93%|█████████▎| 114/123 [00:03<00:00, 21.48it/s][A
OCR-rec Predict:  98%|█████████▊| 120/123 [00:03<00:00, 20.74it/s][A
OCR-rec Predict: 100%|██████████| 123/123 [00:03<00:00, 20.79it/s][AOCR-rec Predict: 100%|██████████| 123/123 [00:03<00:00, 33.19it/s]
Processing pages: 100%|██████████| 25/25 [00:08<00:00,  3.09it/s]
2026-08-01 11:47:20.382 | INFO     | mineru.cli.client:run_planned_task:883 - Completed batch 1/1 | Processed 25/25 pages | 1 of 1 batch finished | task#1 [10.1038_s41591-026-04337-2]
INFO:     Shutting down
INFO:     Waiting for application shutdown.
INFO:     Application shutdown complete.
INFO:     Finished server process [2865203]
[1;31m2026-08-01 11:47:23.298968857 [E:onnxruntime:Default, env.cc:228 ThreadMain] pthread_setaffinity_np failed for thread: 2869357, index: 4, mask: {5, }, error code: 22 error msg: Invalid argument. Specify the number of threads explicitly so the affinity is not set.[m
[1;31m2026-08-01 11:47:23.298988895 [E:onnxruntime:Default, env.cc:228 ThreadMain] pthread_setaffinity_np failed for thread: 2869356, index: 3, mask: {4, }, error code: 22 error msg: Invalid argument. Specify the number of threads explicitly so the affinity is not set.[m
[1;31m2026-08-01 11:47:23.298873508 [E:onnxruntime:Default, env.cc:228 ThreadMain] pthread_setaffinity_np failed for thread: 2869353, index: 0, mask: {1, }, error code: 22 error msg: Invalid argument. Specify the number of threads explicitly so the affinity is not set.[m
[1;31m2026-08-01 11:47:23.298872446 [E:onnxruntime:Default, env.cc:228 ThreadMain] pthread_setaffinity_np failed for thread: 2869355, index: 2, mask: {3, }, error code: 22 error msg: Invalid argument. Specify the number of threads explicitly so the affinity is not set.[m
[1;31m2026-08-01 11:47:23.298879750 [E:onnxruntime:Default, env.cc:228 ThreadMain] pthread_setaffinity_np failed for thread: 2869354, index: 1, mask: {2, }, error code: 22 error msg: Invalid argument. Specify the number of threads explicitly so the affinity is not set.[m
[1;31m2026-08-01 11:47:23.299323852 [E:onnxruntime:Default, env.cc:228 ThreadMain] pthread_setaffinity_np failed for thread: 2869361, index: 8, mask: {9, }, error code: 22 error msg: Invalid argument. Specify the number of threads explicitly so the affinity is not set.[m
[1;31m2026-08-01 11:47:23.299236158 [E:onnxruntime:Default, env.cc:228 ThreadMain] pthread_setaffinity_np failed for thread: 2869360, index: 7, mask: {8, }, error code: 22 error msg: Invalid argument. Specify the number of threads explicitly so the affinity is not set.[m
[1;31m2026-08-01 11:47:23.299233262 [E:onnxruntime:Default, env.cc:228 ThreadMain] pthread_setaffinity_np failed for thread: 2869359, index: 6, mask: {7, }, error code: 22 error msg: Invalid argument. Specify the number of threads explicitly so the affinity is not set.[m
[1;31m2026-08-01 11:47:23.299180494 [E:onnxruntime:Default, env.cc:228 ThreadMain] pthread_setaffinity_np failed for thread: 2869358, index: 5, mask: {6, }, error code: 22 error msg: Invalid argument. Specify the number of threads explicitly so the affinity is not set.[m
[1;31m2026-08-01 11:47:23.299523216 [E:onnxruntime:Default, env.cc:228 ThreadMain] pthread_setaffinity_np failed for thread: 2869364, index: 11, mask: {12, }, error code: 22 error msg: Invalid argument. Specify the number of threads explicitly so the affinity is not set.[m
[1;31m2026-08-01 11:47:23.299343649 [E:onnxruntime:Default, env.cc:228 ThreadMain] pthread_setaffinity_np failed for thread: 2869362, index: 9, mask: {10, }, error code: 22 error msg: Invalid argument. Specify the number of threads explicitly so the affinity is not set.[m
[1;31m2026-08-01 11:47:23.299340634 [E:onnxruntime:Default, env.cc:228 ThreadMain] pthread_setaffinity_np failed for thread: 2869363, index: 10, mask: {11, }, error code: 22 error msg: Invalid argument. Specify the number of threads explicitly so the affinity is not set.[m
[1;31m2026-08-01 11:47:23.299558201 [E:onnxruntime:Default, env.cc:228 ThreadMain] pthread_setaffinity_np failed for thread: 2869365, index: 12, mask: {13, }, error code: 22 error msg: Invalid argument. Specify the number of threads explicitly so the affinity is not set.[m
[1;31m2026-08-01 11:47:23.299588959 [E:onnxruntime:Default, env.cc:228 ThreadMain] pthread_setaffinity_np failed for thread: 2869366, index: 13, mask: {14, }, error code: 22 error msg: Invalid argument. Specify the number of threads explicitly so the affinity is not set.[m
[1;31m2026-08-01 11:47:23.299643792 [E:onnxruntime:Default, env.cc:228 ThreadMain] pthread_setaffinity_np failed for thread: 2869368, index: 15, mask: {16, }, error code: 22 error msg: Invalid argument. Specify the number of threads explicitly so the affinity is not set.[m
[1;31m2026-08-01 11:47:23.300255678 [E:onnxruntime:Default, env.cc:228 ThreadMain] pthread_setaffinity_np failed for thread: 2869379, index: 26, mask: {27, }, error code: 22 error msg: Invalid argument. Specify the number of threads explicitly so the affinity is not set.[m
[1;31m2026-08-01 11:47:23.299653850 [E:onnxruntime:Default, env.cc:228 ThreadMain] pthread_setaffinity_np failed for thread: 2869367, index: 14, mask: {15, }, error code: 22 error msg: Invalid argument. Specify the number of threads explicitly so the affinity is not set.[m
[1;31m2026-08-01 11:47:23.299681512 [E:onnxruntime:Default, env.cc:228 ThreadMain] pthread_setaffinity_np failed for thread: 2869369, index: 16, mask: {17, }, error code: 22 error msg: Invalid argument. Specify the number of threads explicitly so the affinity is not set.[m
[1;31m2026-08-01 11:47:23.299707150 [E:onnxruntime:Default, env.cc:228 ThreadMain] pthread_setaffinity_np failed for thread: 2869370, index: 17, mask: {18, }, error code: 22 error msg: Invalid argument. Specify the number of threads explicitly so the affinity is not set.[m
[1;31m2026-08-01 11:47:23.299869555 [E:onnxruntime:Default, env.cc:228 ThreadMain] pthread_setaffinity_np failed for thread: 2869371, index: 18, mask: {19, }, error code: 22 error msg: Invalid argument. Specify the number of threads explicitly so the affinity is not set.[m
[1;31m2026-08-01 11:47:23.299894051 [E:onnxruntime:Default, env.cc:228 ThreadMain] pthread_setaffinity_np failed for thread: 2869372, index: 19, mask: {20, }, error code: 22 error msg: Invalid argument. Specify the number of threads explicitly so the affinity is not set.[m
[1;31m2026-08-01 11:47:23.299917154 [E:onnxruntime:Default, env.cc:228 ThreadMain] pthread_setaffinity_np failed for thread: 2869373, index: 20, mask: {21, }, error code: 22 error msg: Invalid argument. Specify the number of threads explicitly so the affinity is not set.[m
[1;31m2026-08-01 11:47:23.299946699 [E:onnxruntime:Default, env.cc:228 ThreadMain] pthread_setaffinity_np failed for thread: 2869374, index: 21, mask: {22, }, error code: 22 error msg: Invalid argument. Specify the number of threads explicitly so the affinity is not set.[m
[1;31m2026-08-01 11:47:23.299969592 [E:onnxruntime:Default, env.cc:228 ThreadMain] pthread_setaffinity_np failed for thread: 2869375, index: 22, mask: {23, }, error code: 22 error msg: Invalid argument. Specify the number of threads explicitly so the affinity is not set.[m
[1;31m2026-08-01 11:47:23.300003436 [E:onnxruntime:Default, env.cc:228 ThreadMain] pthread_setaffinity_np failed for thread: 2869376, index: 23, mask: {24, }, error code: 22 error msg: Invalid argument. Specify the number of threads explicitly so the affinity is not set.[m
[1;31m2026-08-01 11:47:23.300026439 [E:onnxruntime:Default, env.cc:228 ThreadMain] pthread_setaffinity_np failed for thread: 2869377, index: 24, mask: {25, }, error code: 22 error msg: Invalid argument. Specify the number of threads explicitly so the affinity is not set.[m
[1;31m2026-08-01 11:47:23.337904703 [E:onnxruntime:Default, env.cc:228 ThreadMain] pthread_setaffinity_np failed for thread: 2869381, index: 28, mask: {29, }, error code: 22 error msg: Invalid argument. Specify the number of threads explicitly so the affinity is not set.[m
[1;31m2026-08-01 11:47:23.335629731 [E:onnxruntime:Default, env.cc:228 ThreadMain] pthread_setaffinity_np failed for thread: 2869378, index: 25, mask: {26, }, error code: 22 error msg: Invalid argument. Specify the number of threads explicitly so the affinity is not set.[m
[1;31m2026-08-01 11:47:23.359239980 [E:onnxruntime:Default, env.cc:228 ThreadMain] pthread_setaffinity_np failed for thread: 2869382, index: 29, mask: {30, }, error code: 22 error msg: Invalid argument. Specify the number of threads explicitly so the affinity is not set.[m
[1;31m2026-08-01 11:47:23.363935068 [E:onnxruntime:Default, env.cc:228 ThreadMain] pthread_setaffinity_np failed for thread: 2869405, index: 52, mask: {53, }, error code: 22 error msg: Invalid argument. Specify the number of threads explicitly so the affinity is not set.[m
[1;31m2026-08-01 11:47:23.359122701 [E:onnxruntime:Default, env.cc:228 ThreadMain] pthread_setaffinity_np failed for thread: 2869383, index: 30, mask: {31, }, error code: 22 error msg: Invalid argument. Specify the number of threads explicitly so the affinity is not set.[m
[1;31m2026-08-01 11:47:23.371930800 [E:onnxruntime:Default, env.cc:228 ThreadMain] pthread_setaffinity_np failed for thread: 2869400, index: 47, mask: {48, }, error code: 22 error msg: Invalid argument. Specify the number of threads explicitly so the affinity is not set.[m
[1;31m2026-08-01 11:47:23.375471284 [E:onnxruntime:Default, env.cc:228 ThreadMain] pthread_setaffinity_np failed for thread: 2869401, index: 48, mask: {49, }, error code: 22 error msg: Invalid argument. Specify the number of threads explicitly so the affinity is not set.[m
[1;31m2026-08-01 11:47:23.377381083 [E:onnxruntime:Default, env.cc:228 ThreadMain] pthread_setaffinity_np failed for thread: 2869402, index: 49, mask: {50, }, error code: 22 error msg: Invalid argument. Specify the number of threads explicitly so the affinity is not set.[m
[1;31m2026-08-01 11:47:23.377466503 [E:onnxruntime:Default, env.cc:228 ThreadMain] pthread_setaffinity_np failed for thread: 2869403, index: 50, mask: {51, }, error code: 22 error msg: Invalid argument. Specify the number of threads explicitly so the affinity is not set.[m
[1;31m2026-08-01 11:47:23.377912919 [E:onnxruntime:Default, env.cc:228 ThreadMain] pthread_setaffinity_np failed for thread: 2869404, index: 51, mask: {52, }, error code: 22 error msg: Invalid argument. Specify the number of threads explicitly so the affinity is not set.[m
[1;31m2026-08-01 11:47:23.378169349 [E:onnxruntime:Default, env.cc:228 ThreadMain] pthread_setaffinity_np failed for thread: 2869380, index: 27, mask: {28, }, error code: 22 error msg: Invalid argument. Specify the number of threads explicitly so the affinity is not set.[m
[1;31m2026-08-01 11:47:23.379468113 [E:onnxruntime:Default, env.cc:228 ThreadMain] pthread_setaffinity_np failed for thread: 2869411, index: 58, mask: {59, }, error code: 22 error msg: Invalid argument. Specify the number of threads explicitly so the affinity is not set.[m
[1;31m2026-08-01 11:47:23.380471122 [E:onnxruntime:Default, env.cc:228 ThreadMain] pthread_setaffinity_np failed for thread: 2869412, index: 59, mask: {60, }, error code: 22 error msg: Invalid argument. Specify the number of threads explicitly so the affinity is not set.[m
[1;31m2026-08-01 11:47:23.380804758 [E:onnxruntime:Default, env.cc:228 ThreadMain] pthread_setaffinity_np failed for thread: 2869414, index: 61, mask: {62, }, error code: 22 error msg: Invalid argument. Specify the number of threads explicitly so the affinity is not set.[m
[1;31m2026-08-01 11:47:23.387485506 [E:onnxruntime:Default, env.cc:228 ThreadMain] pthread_setaffinity_np failed for thread: 2869407, index: 54, mask: {55, }, error code: 22 error msg: Invalid argument. Specify the number of threads explicitly so the affinity is not set.[m
[1;31m2026-08-01 11:47:23.388196468 [E:onnxruntime:Default, env.cc:228 ThreadMain] pthread_setaffinity_np failed for thread: 2869408, index: 55, mask: {56, }, error code: 22 error msg: Invalid argument. Specify the number of threads explicitly so the affinity is not set.[m
[1;31m2026-08-01 11:47:23.387471389 [E:onnxruntime:Default, env.cc:228 ThreadMain] pthread_setaffinity_np failed for thread: 2869410, index: 57, mask: {58, }, error code: 22 error msg: Invalid argument. Specify the number of threads explicitly so the affinity is not set.[m
[1;31m2026-08-01 11:47:23.393475720 [E:onnxruntime:Default, env.cc:228 ThreadMain] pthread_setaffinity_np failed for thread: 2869409, index: 56, mask: {57, }, error code: 22 error msg: Invalid argument. Specify the number of threads explicitly so the affinity is not set.[m
[1;31m2026-08-01 11:47:23.400480525 [E:onnxruntime:Default, env.cc:228 ThreadMain] pthread_setaffinity_np failed for thread: 2869406, index: 53, mask: {54, }, error code: 22 error msg: Invalid argument. Specify the number of threads explicitly so the affinity is not set.[m
[1;31m2026-08-01 11:47:23.408467601 [E:onnxruntime:Default, env.cc:228 ThreadMain] pthread_setaffinity_np failed for thread: 2869415, index: 62, mask: {63, }, error code: 22 error msg: Invalid argument. Specify the number of threads explicitly so the affinity is not set.[m
[1;31m2026-08-01 11:47:23.408484433 [E:onnxruntime:Default, env.cc:228 ThreadMain] pthread_setaffinity_np failed for thread: 2869413, index: 60, mask: {61, }, error code: 22 error msg: Invalid argument. Specify the number of threads explicitly so the affinity is not set.[m
--- [nature_med_apol1_kidney] mineru exit=0 (11:47:39) ---
nature_med_apol1_kidney/01_parse/10.1038_s41591-026-04337-2/auto/10.1038_s41591-026-04337-2_content_list.json
nature_med_apol1_kidney/01_parse/10.1038_s41591-026-04337-2/auto/10.1038_s41591-026-04337-2.md
--- [iclr2024_pediatric_hypoglycemia] kP6X9QBF1t.pdf -> /work/hdd/bgkq/xchen48/clinical-rag/sample/iclr2024_pediatric_hypoglycemia/01_parse  (11:47:40) ---
[1;31m2026-08-01 11:47:44.728222440 [E:onnxruntime:Default, env.cc:228 ThreadMain] pthread_setaffinity_np failed for thread: 2869480, index: 1, mask: {2, }, error code: 22 error msg: Invalid argument. Specify the number of threads explicitly so the affinity is not set.[m
[1;31m2026-08-01 11:47:44.728363705 [E:onnxruntime:Default, env.cc:228 ThreadMain] pthread_setaffinity_np failed for thread: 2869481, index: 2, mask: {3, }, error code: 22 error msg: Invalid argument. Specify the number of threads explicitly so the affinity is not set.[m
[1;31m2026-08-01 11:47:44.728253398 [E:onnxruntime:Default, env.cc:228 ThreadMain] pthread_setaffinity_np failed for thread: 2869479, index: 0, mask: {1, }, error code: 22 error msg: Invalid argument. Specify the number of threads explicitly so the affinity is not set.[m
[1;31m2026-08-01 11:47:44.728435459 [E:onnxruntime:Default, env.cc:228 ThreadMain] pthread_setaffinity_np failed for thread: 2869483, index: 4, mask: {5, }, error code: 22 error msg: Invalid argument. Specify the number of threads explicitly so the affinity is not set.[m
[1;31m2026-08-01 11:47:44.729093953 [E:onnxruntime:Default, env.cc:228 ThreadMain] pthread_setaffinity_np failed for thread: 2869492, index: 13, mask: {14, }, error code: 22 error msg: Invalid argument. Specify the number of threads explicitly so the affinity is not set.[m
[1;31m2026-08-01 11:47:44.729134108 [E:onnxruntime:Default, env.cc:228 ThreadMain] pthread_setaffinity_np failed for thread: 2869493, index: 14, mask: {15, }, error code: 22 error msg: Invalid argument. Specify the number of threads explicitly so the affinity is not set.[m
[1;31m2026-08-01 11:47:44.728859845 [E:onnxruntime:Default, env.cc:228 ThreadMain] pthread_setaffinity_np failed for thread: 2869485, index: 6, mask: {7, }, error code: 22 error msg: Invalid argument. Specify the number of threads explicitly so the affinity is not set.[m
[1;31m2026-08-01 11:47:44.728879191 [E:onnxruntime:Default, env.cc:228 ThreadMain] pthread_setaffinity_np failed for thread: 2869486, index: 7, mask: {8, }, error code: 22 error msg: Invalid argument. Specify the number of threads explicitly so the affinity is not set.[m
[1;31m2026-08-01 11:47:44.728970031 [E:onnxruntime:Default, env.cc:228 ThreadMain] pthread_setaffinity_np failed for thread: 2869487, index: 8, mask: {9, }, error code: 22 error msg: Invalid argument. Specify the number of threads explicitly so the affinity is not set.[m
[1;31m2026-08-01 11:47:44.728977796 [E:onnxruntime:Default, env.cc:228 ThreadMain] pthread_setaffinity_np failed for thread: 2869489, index: 10, mask: {11, }, error code: 22 error msg: Invalid argument. Specify the number of threads explicitly so the affinity is not set.[m
[1;31m2026-08-01 11:47:44.728983496 [E:onnxruntime:Default, env.cc:228 ThreadMain] pthread_setaffinity_np failed for thread: 2869488, index: 9, mask: {10, }, error code: 22 error msg: Invalid argument. Specify the number of threads explicitly so the affinity is not set.[m
[1;31m2026-08-01 11:47:44.729054559 [E:onnxruntime:Default, env.cc:228 ThreadMain] pthread_setaffinity_np failed for thread: 2869490, index: 11, mask: {12, }, error code: 22 error msg: Invalid argument. Specify the number of threads explicitly so the affinity is not set.[m
[1;31m2026-08-01 11:47:44.729072363 [E:onnxruntime:Default, env.cc:228 ThreadMain] pthread_setaffinity_np failed for thread: 2869491, index: 12, mask: {13, }, error code: 22 error msg: Invalid argument. Specify the number of threads explicitly so the affinity is not set.[m
[1;31m2026-08-01 11:47:44.729756946 [E:onnxruntime:Default, env.cc:228 ThreadMain] pthread_setaffinity_np failed for thread: 2869505, index: 26, mask: {27, }, error code: 22 error msg: Invalid argument. Specify the number of threads explicitly so the affinity is not set.[m
[1;31m2026-08-01 11:47:44.729848778 [E:onnxruntime:Default, env.cc:228 ThreadMain] pthread_setaffinity_np failed for thread: 2869508, index: 29, mask: {30, }, error code: 22 error msg: Invalid argument. Specify the number of threads explicitly so the affinity is not set.[m
[1;31m2026-08-01 11:47:44.729824522 [E:onnxruntime:Default, env.cc:228 ThreadMain] pthread_setaffinity_np failed for thread: 2869507, index: 28, mask: {29, }, error code: 22 error msg: Invalid argument. Specify the number of threads explicitly so the affinity is not set.[m
[1;31m2026-08-01 11:47:44.731701920 [E:onnxruntime:Default, env.cc:228 ThreadMain] pthread_setaffinity_np failed for thread: 2869509, index: 30, mask: {31, }, error code: 22 error msg: Invalid argument. Specify the number of threads explicitly so the affinity is not set.[m
[1;31m2026-08-01 11:47:44.729159456 [E:onnxruntime:Default, env.cc:228 ThreadMain] pthread_setaffinity_np failed for thread: 2869494, index: 15, mask: {16, }, error code: 22 error msg: Invalid argument. Specify the number of threads explicitly so the affinity is not set.[m
[1;31m2026-08-01 11:47:44.737478263 [E:onnxruntime:Default, env.cc:228 ThreadMain] pthread_setaffinity_np failed for thread: 2869532, index: 53, mask: {54, }, error code: 22 error msg: Invalid argument. Specify the number of threads explicitly so the affinity is not set.[m
[1;31m2026-08-01 11:47:44.737534679 [E:onnxruntime:Default, env.cc:228 ThreadMain] pthread_setaffinity_np failed for thread: 2869541, index: 62, mask: {63, }, error code: 22 error msg: Invalid argument. Specify the number of threads explicitly so the affinity is not set.[m
[1;31m2026-08-01 11:47:44.729194572 [E:onnxruntime:Default, env.cc:228 ThreadMain] pthread_setaffinity_np failed for thread: 2869495, index: 16, mask: {17, }, error code: 22 error msg: Invalid argument. Specify the number of threads explicitly so the affinity is not set.[m
[1;31m2026-08-01 11:47:44.729388054 [E:onnxruntime:Default, env.cc:228 ThreadMain] pthread_setaffinity_np failed for thread: 2869497, index: 18, mask: {19, }, error code: 22 error msg: Invalid argument. Specify the number of threads explicitly so the affinity is not set.[m
[1;31m2026-08-01 11:47:44.738201709 [E:onnxruntime:Default, env.cc:228 ThreadMain] pthread_setaffinity_np failed for thread: 2869533, index: 54, mask: {55, }, error code: 22 error msg: Invalid argument. Specify the number of threads explicitly so the affinity is not set.[m
[1;31m2026-08-01 11:47:44.738500679 [E:onnxruntime:Default, env.cc:228 ThreadMain] pthread_setaffinity_np failed for thread: 2869535, index: 56, mask: {57, }, error code: 22 error msg: Invalid argument. Specify the number of threads explicitly so the affinity is not set.[m
[1;31m2026-08-01 11:47:44.729215812 [E:onnxruntime:Default, env.cc:228 ThreadMain] pthread_setaffinity_np failed for thread: 2869496, index: 17, mask: {18, }, error code: 22 error msg: Invalid argument. Specify the number of threads explicitly so the affinity is not set.[m
[1;31m2026-08-01 11:47:44.729453667 [E:onnxruntime:Default, env.cc:228 ThreadMain] pthread_setaffinity_np failed for thread: 2869499, index: 20, mask: {21, }, error code: 22 error msg: Invalid argument. Specify the number of threads explicitly so the affinity is not set.[m
[1;31m2026-08-01 11:47:44.729428330 [E:onnxruntime:Default, env.cc:228 ThreadMain] pthread_setaffinity_np failed for thread: 2869498, index: 19, mask: {20, }, error code: 22 error msg: Invalid argument. Specify the number of threads explicitly so the affinity is not set.[m
[1;31m2026-08-01 11:47:44.729510724 [E:onnxruntime:Default, env.cc:228 ThreadMain] pthread_setaffinity_np failed for thread: 2869501, index: 22, mask: {23, }, error code: 22 error msg: Invalid argument. Specify the number of threads explicitly so the affinity is not set.[m
[1;31m2026-08-01 11:47:44.729539819 [E:onnxruntime:Default, env.cc:228 ThreadMain] pthread_setaffinity_np failed for thread: 2869502, index: 23, mask: {24, }, error code: 22 error msg: Invalid argument. Specify the number of threads explicitly so the affinity is not set.[m
[1;31m2026-08-01 11:47:44.729485337 [E:onnxruntime:Default, env.cc:228 ThreadMain] pthread_setaffinity_np failed for thread: 2869500, index: 21, mask: {22, }, error code: 22 error msg: Invalid argument. Specify the number of threads explicitly so the affinity is not set.[m
[1;31m2026-08-01 11:47:44.749525377 [E:onnxruntime:Default, env.cc:228 ThreadMain] pthread_setaffinity_np failed for thread: 2869536, index: 57, mask: {58, }, error code: 22 error msg: Invalid argument. Specify the number of threads explicitly so the affinity is not set.[m
[1;31m2026-08-01 11:47:44.729559946 [E:onnxruntime:Default, env.cc:228 ThreadMain] pthread_setaffinity_np failed for thread: 2869503, index: 24, mask: {25, }, error code: 22 error msg: Invalid argument. Specify the number of threads explicitly so the affinity is not set.[m
[1;31m2026-08-01 11:47:44.729734844 [E:onnxruntime:Default, env.cc:228 ThreadMain] pthread_setaffinity_np failed for thread: 2869504, index: 25, mask: {26, }, error code: 22 error msg: Invalid argument. Specify the number of threads explicitly so the affinity is not set.[m
[1;31m2026-08-01 11:47:44.729793634 [E:onnxruntime:Default, env.cc:228 ThreadMain] pthread_setaffinity_np failed for thread: 2869506, index: 27, mask: {28, }, error code: 22 error msg: Invalid argument. Specify the number of threads explicitly so the affinity is not set.[m
[1;31m2026-08-01 11:47:44.728838485 [E:onnxruntime:Default, env.cc:228 ThreadMain] pthread_setaffinity_np failed for thread: 2869484, index: 5, mask: {6, }, error code: 22 error msg: Invalid argument. Specify the number of threads explicitly so the affinity is not set.[m
[1;31m2026-08-01 11:47:44.737496929 [E:onnxruntime:Default, env.cc:228 ThreadMain] pthread_setaffinity_np failed for thread: 2869534, index: 55, mask: {56, }, error code: 22 error msg: Invalid argument. Specify the number of threads explicitly so the affinity is not set.[m
[1;31m2026-08-01 11:47:44.728646735 [E:onnxruntime:Default, env.cc:228 ThreadMain] pthread_setaffinity_np failed for thread: 2869482, index: 3, mask: {4, }, error code: 22 error msg: Invalid argument. Specify the number of threads explicitly so the affinity is not set.[m
[1;31m2026-08-01 11:47:44.786483457 [E:onnxruntime:Default, env.cc:228 ThreadMain] pthread_setaffinity_np failed for thread: 2869540, index: 61, mask: {62, }, error code: 22 error msg: Invalid argument. Specify the number of threads explicitly so the affinity is not set.[m
[1;31m2026-08-01 11:47:44.787368966 [E:onnxruntime:Default, env.cc:228 ThreadMain] pthread_setaffinity_np failed for thread: 2869526, index: 47, mask: {48, }, error code: 22 error msg: Invalid argument. Specify the number of threads explicitly so the affinity is not set.[m
[1;31m2026-08-01 11:47:44.793465831 [E:onnxruntime:Default, env.cc:228 ThreadMain] pthread_setaffinity_np failed for thread: 2869529, index: 50, mask: {51, }, error code: 22 error msg: Invalid argument. Specify the number of threads explicitly so the affinity is not set.[m
[1;31m2026-08-01 11:47:44.751501490 [E:onnxruntime:Default, env.cc:228 ThreadMain] pthread_setaffinity_np failed for thread: 2869539, index: 60, mask: {61, }, error code: 22 error msg: Invalid argument. Specify the number of threads explicitly so the affinity is not set.[m
[1;31m2026-08-01 11:47:44.761456944 [E:onnxruntime:Default, env.cc:228 ThreadMain] pthread_setaffinity_np failed for thread: 2869538, index: 59, mask: {60, }, error code: 22 error msg: Invalid argument. Specify the number of threads explicitly so the affinity is not set.[m
[1;31m2026-08-01 11:47:44.786510168 [E:onnxruntime:Default, env.cc:228 ThreadMain] pthread_setaffinity_np failed for thread: 2869530, index: 51, mask: {52, }, error code: 22 error msg: Invalid argument. Specify the number of threads explicitly so the affinity is not set.[m
[1;31m2026-08-01 11:47:44.809513440 [E:onnxruntime:Default, env.cc:228 ThreadMain] pthread_setaffinity_np failed for thread: 2869527, index: 48, mask: {49, }, error code: 22 error msg: Invalid argument. Specify the number of threads explicitly so the affinity is not set.[m
[1;31m2026-08-01 11:47:44.797438264 [E:onnxruntime:Default, env.cc:228 ThreadMain] pthread_setaffinity_np failed for thread: 2869528, index: 49, mask: {50, }, error code: 22 error msg: Invalid argument. Specify the number of threads explicitly so the affinity is not set.[m
[1;31m2026-08-01 11:47:44.801467223 [E:onnxruntime:Default, env.cc:228 ThreadMain] pthread_setaffinity_np failed for thread: 2869537, index: 58, mask: {59, }, error code: 22 error msg: Invalid argument. Specify the number of threads explicitly so the affinity is not set.[m
[1;31m2026-08-01 11:47:44.801455962 [E:onnxruntime:Default, env.cc:228 ThreadMain] pthread_setaffinity_np failed for thread: 2869531, index: 52, mask: {53, }, error code: 22 error msg: Invalid argument. Specify the number of threads explicitly so the affinity is not set.[m
2026-08-01 11:47:51.599 | INFO     | mineru.cli.client:run_orchestrated_cli:953 - Started local mineru-api at http://127.0.0.1:41053
[1;31m2026-08-01 11:47:53.899629025 [E:onnxruntime:Default, env.cc:228 ThreadMain] pthread_setaffinity_np failed for thread: 2869593, index: 2, mask: {3, }, error code: 22 error msg: Invalid argument. Specify the number of threads explicitly so the affinity is not set.[m
[1;31m2026-08-01 11:47:53.899623214 [E:onnxruntime:Default, env.cc:228 ThreadMain] pthread_setaffinity_np failed for thread: 2869592, index: 1, mask: {2, }, error code: 22 error msg: Invalid argument. Specify the number of threads explicitly so the affinity is not set.[m
[1;31m2026-08-01 11:47:53.899759790 [E:onnxruntime:Default, env.cc:228 ThreadMain] pthread_setaffinity_np failed for thread: 2869594, index: 3, mask: {4, }, error code: 22 error msg: Invalid argument. Specify the number of threads explicitly so the affinity is not set.[m
[1;31m2026-08-01 11:47:53.899629045 [E:onnxruntime:Default, env.cc:228 ThreadMain] pthread_setaffinity_np failed for thread: 2869591, index: 0, mask: {1, }, error code: 22 error msg: Invalid argument. Specify the number of threads explicitly so the affinity is not set.[m
[1;31m2026-08-01 11:47:53.899834109 [E:onnxruntime:Default, env.cc:228 ThreadMain] pthread_setaffinity_np failed for thread: 2869595, index: 4, mask: {5, }, error code: 22 error msg: Invalid argument. Specify the number of threads explicitly so the affinity is not set.[m
[1;31m2026-08-01 11:47:53.899806698 [E:onnxruntime:Default, env.cc:228 ThreadMain] pthread_setaffinity_np failed for thread: 2869596, index: 5, mask: {6, }, error code: 22 error msg: Invalid argument. Specify the number of threads explicitly so the affinity is not set.[m
[1;31m2026-08-01 11:47:53.899858985 [E:onnxruntime:Default, env.cc:228 ThreadMain] pthread_setaffinity_np failed for thread: 2869597, index: 6, mask: {7, }, error code: 22 error msg: Invalid argument. Specify the number of threads explicitly so the affinity is not set.[m
[1;31m2026-08-01 11:47:53.899928956 [E:onnxruntime:Default, env.cc:228 ThreadMain] pthread_setaffinity_np failed for thread: 2869598, index: 7, mask: {8, }, error code: 22 error msg: Invalid argument. Specify the number of threads explicitly so the affinity is not set.[m
[1;31m2026-08-01 11:47:53.899981535 [E:onnxruntime:Default, env.cc:228 ThreadMain] pthread_setaffinity_np failed for thread: 2869599, index: 8, mask: {9, }, error code: 22 error msg: Invalid argument. Specify the number of threads explicitly so the affinity is not set.[m
[1;31m2026-08-01 11:47:53.900032811 [E:onnxruntime:Default, env.cc:228 ThreadMain] pthread_setaffinity_np failed for thread: 2869600, index: 9, mask: {10, }, error code: 22 error msg: Invalid argument. Specify the number of threads explicitly so the affinity is not set.[m
[1;31m2026-08-01 11:47:53.900078296 [E:onnxruntime:Default, env.cc:228 ThreadMain] pthread_setaffinity_np failed for thread: 2869601, index: 10, mask: {11, }, error code: 22 error msg: Invalid argument. Specify the number of threads explicitly so the affinity is not set.[m
[1;31m2026-08-01 11:47:53.900798325 [E:onnxruntime:Default, env.cc:228 ThreadMain] pthread_setaffinity_np failed for thread: 2869617, index: 26, mask: {27, }, error code: 22 error msg: Invalid argument. Specify the number of threads explicitly so the affinity is not set.[m
[1;31m2026-08-01 11:47:53.900263012 [E:onnxruntime:Default, env.cc:228 ThreadMain] pthread_setaffinity_np failed for thread: 2869603, index: 12, mask: {13, }, error code: 22 error msg: Invalid argument. Specify the number of threads explicitly so the affinity is not set.[m
[1;31m2026-08-01 11:47:53.900265778 [E:onnxruntime:Default, env.cc:228 ThreadMain] pthread_setaffinity_np failed for thread: 2869604, index: 13, mask: {14, }, error code: 22 error msg: Invalid argument. Specify the number of threads explicitly so the affinity is not set.[m
[1;31m2026-08-01 11:47:53.900298820 [E:onnxruntime:Default, env.cc:228 ThreadMain] pthread_setaffinity_np failed for thread: 2869605, index: 14, mask: {15, }, error code: 22 error msg: Invalid argument. Specify the number of threads explicitly so the affinity is not set.[m
[1;31m2026-08-01 11:47:53.900333184 [E:onnxruntime:Default, env.cc:228 ThreadMain] pthread_setaffinity_np failed for thread: 2869606, index: 15, mask: {16, }, error code: 22 error msg: Invalid argument. Specify the number of threads explicitly so the affinity is not set.[m
[1;31m2026-08-01 11:47:53.900361326 [E:onnxruntime:Default, env.cc:228 ThreadMain] pthread_setaffinity_np failed for thread: 2869607, index: 16, mask: {17, }, error code: 22 error msg: Invalid argument. Specify the number of threads explicitly so the affinity is not set.[m
[1;31m2026-08-01 11:47:53.909489000 [E:onnxruntime:Default, env.cc:228 ThreadMain] pthread_setaffinity_np failed for thread: 2869618, index: 27, mask: {28, }, error code: 22 error msg: Invalid argument. Specify the number of threads explicitly so the affinity is not set.[m
[1;31m2026-08-01 11:47:53.900396763 [E:onnxruntime:Default, env.cc:228 ThreadMain] pthread_setaffinity_np failed for thread: 2869608, index: 17, mask: {18, }, error code: 22 error msg: Invalid argument. Specify the number of threads explicitly so the affinity is not set.[m
[1;31m2026-08-01 11:47:53.900423663 [E:onnxruntime:Default, env.cc:228 ThreadMain] pthread_setaffinity_np failed for thread: 2869609, index: 18, mask: {19, }, error code: 22 error msg: Invalid argument. Specify the number of threads explicitly so the affinity is not set.[m
[1;31m2026-08-01 11:47:53.900463538 [E:onnxruntime:Default, env.cc:228 ThreadMain] pthread_setaffinity_np failed for thread: 2869610, index: 19, mask: {20, }, error code: 22 error msg: Invalid argument. Specify the number of threads explicitly so the affinity is not set.[m
[1;31m2026-08-01 11:47:53.900611946 [E:onnxruntime:Default, env.cc:228 ThreadMain] pthread_setaffinity_np failed for thread: 2869611, index: 20, mask: {21, }, error code: 22 error msg: Invalid argument. Specify the number of threads explicitly so the affinity is not set.[m
[1;31m2026-08-01 11:47:53.900661179 [E:onnxruntime:Default, env.cc:228 ThreadMain] pthread_setaffinity_np failed for thread: 2869612, index: 21, mask: {22, }, error code: 22 error msg: Invalid argument. Specify the number of threads explicitly so the affinity is not set.[m
[1;31m2026-08-01 11:47:53.928467871 [E:onnxruntime:Default, env.cc:228 ThreadMain] pthread_setaffinity_np failed for thread: 2869619, index: 28, mask: {29, }, error code: 22 error msg: Invalid argument. Specify the number of threads explicitly so the affinity is not set.[m
[1;31m2026-08-01 11:47:53.900686065 [E:onnxruntime:Default, env.cc:228 ThreadMain] pthread_setaffinity_np failed for thread: 2869613, index: 22, mask: {23, }, error code: 22 error msg: Invalid argument. Specify the number of threads explicitly so the affinity is not set.[m
[1;31m2026-08-01 11:47:53.900722082 [E:onnxruntime:Default, env.cc:228 ThreadMain] pthread_setaffinity_np failed for thread: 2869614, index: 23, mask: {24, }, error code: 22 error msg: Invalid argument. Specify the number of threads explicitly so the affinity is not set.[m
[1;31m2026-08-01 11:47:53.900745216 [E:onnxruntime:Default, env.cc:228 ThreadMain] pthread_setaffinity_np failed for thread: 2869615, index: 24, mask: {25, }, error code: 22 error msg: Invalid argument. Specify the number of threads explicitly so the affinity is not set.[m
[1;31m2026-08-01 11:47:53.938220255 [E:onnxruntime:Default, env.cc:228 ThreadMain] pthread_setaffinity_np failed for thread: 2869639, index: 48, mask: {49, }, error code: 22 error msg: Invalid argument. Specify the number of threads explicitly so the affinity is not set.[m
[1;31m2026-08-01 11:47:53.900770924 [E:onnxruntime:Default, env.cc:228 ThreadMain] pthread_setaffinity_np failed for thread: 2869616, index: 25, mask: {26, }, error code: 22 error msg: Invalid argument. Specify the number of threads explicitly so the affinity is not set.[m
[1;31m2026-08-01 11:47:53.943477706 [E:onnxruntime:Default, env.cc:228 ThreadMain] pthread_setaffinity_np failed for thread: 2869649, index: 58, mask: {59, }, error code: 22 error msg: Invalid argument. Specify the number of threads explicitly so the affinity is not set.[m
[1;31m2026-08-01 11:47:53.900085820 [E:onnxruntime:Default, env.cc:228 ThreadMain] pthread_setaffinity_np failed for thread: 2869602, index: 11, mask: {12, }, error code: 22 error msg: Invalid argument. Specify the number of threads explicitly so the affinity is not set.[m
[1;31m2026-08-01 11:47:53.947383124 [E:onnxruntime:Default, env.cc:228 ThreadMain] pthread_setaffinity_np failed for thread: 2869650, index: 59, mask: {60, }, error code: 22 error msg: Invalid argument. Specify the number of threads explicitly so the affinity is not set.[m
[1;31m2026-08-01 11:47:53.962271010 [E:onnxruntime:Default, env.cc:228 ThreadMain] pthread_setaffinity_np failed for thread: 2869648, index: 57, mask: {58, }, error code: 22 error msg: Invalid argument. Specify the number of threads explicitly so the affinity is not set.[m
[1;31m2026-08-01 11:47:53.937458798 [E:onnxruntime:Default, env.cc:228 ThreadMain] pthread_setaffinity_np failed for thread: 2869620, index: 29, mask: {30, }, error code: 22 error msg: Invalid argument. Specify the number of threads explicitly so the affinity is not set.[m
[1;31m2026-08-01 11:47:53.962265440 [E:onnxruntime:Default, env.cc:228 ThreadMain] pthread_setaffinity_np failed for thread: 2869643, index: 52, mask: {53, }, error code: 22 error msg: Invalid argument. Specify the number of threads explicitly so the affinity is not set.[m
[1;31m2026-08-01 11:47:53.968319674 [E:onnxruntime:Default, env.cc:228 ThreadMain] pthread_setaffinity_np failed for thread: 2869646, index: 55, mask: {56, }, error code: 22 error msg: Invalid argument. Specify the number of threads explicitly so the affinity is not set.[m
[1;31m2026-08-01 11:47:53.968190362 [E:onnxruntime:Default, env.cc:228 ThreadMain] pthread_setaffinity_np failed for thread: 2869641, index: 50, mask: {51, }, error code: 22 error msg: Invalid argument. Specify the number of threads explicitly so the affinity is not set.[m
[1;31m2026-08-01 11:47:53.977913280 [E:onnxruntime:Default, env.cc:228 ThreadMain] pthread_setaffinity_np failed for thread: 2869653, index: 62, mask: {63, }, error code: 22 error msg: Invalid argument. Specify the number of threads explicitly so the affinity is not set.[m
[1;31m2026-08-01 11:47:53.982482802 [E:onnxruntime:Default, env.cc:228 ThreadMain] pthread_setaffinity_np failed for thread: 2869651, index: 60, mask: {61, }, error code: 22 error msg: Invalid argument. Specify the number of threads explicitly so the affinity is not set.[m
[1;31m2026-08-01 11:47:53.987930801 [E:onnxruntime:Default, env.cc:228 ThreadMain] pthread_setaffinity_np failed for thread: 2869647, index: 56, mask: {57, }, error code: 22 error msg: Invalid argument. Specify the number of threads explicitly so the affinity is not set.[m
[1;31m2026-08-01 11:47:53.988194274 [E:onnxruntime:Default, env.cc:228 ThreadMain] pthread_setaffinity_np failed for thread: 2869652, index: 61, mask: {62, }, error code: 22 error msg: Invalid argument. Specify the number of threads explicitly so the affinity is not set.[m
[1;31m2026-08-01 11:47:53.956512460 [E:onnxruntime:Default, env.cc:228 ThreadMain] pthread_setaffinity_np failed for thread: 2869621, index: 30, mask: {31, }, error code: 22 error msg: Invalid argument. Specify the number of threads explicitly so the affinity is not set.[m
[1;31m2026-08-01 11:47:53.968314194 [E:onnxruntime:Default, env.cc:228 ThreadMain] pthread_setaffinity_np failed for thread: 2869638, index: 47, mask: {48, }, error code: 22 error msg: Invalid argument. Specify the number of threads explicitly so the affinity is not set.[m
[1;31m2026-08-01 11:47:53.992486467 [E:onnxruntime:Default, env.cc:228 ThreadMain] pthread_setaffinity_np failed for thread: 2869642, index: 51, mask: {52, }, error code: 22 error msg: Invalid argument. Specify the number of threads explicitly so the affinity is not set.[m
[1;31m2026-08-01 11:47:54.001055924 [E:onnxruntime:Default, env.cc:228 ThreadMain] pthread_setaffinity_np failed for thread: 2869644, index: 53, mask: {54, }, error code: 22 error msg: Invalid argument. Specify the number of threads explicitly so the affinity is not set.[m
[1;31m2026-08-01 11:47:53.968278778 [E:onnxruntime:Default, env.cc:228 ThreadMain] pthread_setaffinity_np failed for thread: 2869640, index: 49, mask: {50, }, error code: 22 error msg: Invalid argument. Specify the number of threads explicitly so the affinity is not set.[m
[1;31m2026-08-01 11:47:53.987921964 [E:onnxruntime:Default, env.cc:228 ThreadMain] pthread_setaffinity_np failed for thread: 2869645, index: 54, mask: {55, }, error code: 22 error msg: Invalid argument. Specify the number of threads explicitly so the affinity is not set.[m
2026-08-01 11:48:01.244 | INFO     | __main__:create_app:236 - Request concurrency limited to 3
INFO:     Started server process [2869575]
INFO:     Waiting for application startup.
INFO:     Application startup complete.
INFO:     Uvicorn running on http://127.0.0.1:41053 (Press CTRL+C to quit)
2026-08-01 11:48:01.642 | INFO     | mineru.cli.client:run_planned_task:832 - Submitting batch 1/1 | 1 document, 12 pages in this batch | 12 pages total | task#1 [kP6X9QBF1t]
2026-08-01 11:48:13.648 | INFO     | mineru.backend.pipeline.pipeline_analyze:doc_analyze_streaming:209 - Pipeline processing-window multi-file run. doc_count=1, total_pages=12, window_size=64, total_batches=1
Start MinerU FastAPI Service: http://127.0.0.1:41053
API documentation: http://127.0.0.1:41053/docs
[1;31m2026-08-01 11:48:15.885089353 [E:onnxruntime:Default, env.cc:228 ThreadMain] pthread_setaffinity_np failed for thread: 2870056, index: 2, mask: {3, }, error code: 22 error msg: Invalid argument. Specify the number of threads explicitly so the affinity is not set.[m
[1;31m2026-08-01 11:48:15.885354160 [E:onnxruntime:Default, env.cc:228 ThreadMain] pthread_setaffinity_np failed for thread: 2870057, index: 3, mask: {4, }, error code: 22 error msg: Invalid argument. Specify the number of threads explicitly so the affinity is not set.[m
[1;31m2026-08-01 11:48:15.885694988 [E:onnxruntime:Default, env.cc:228 ThreadMain] pthread_setaffinity_np failed for thread: 2870061, index: 7, mask: {8, }, error code: 22 error msg: Invalid argument. Specify the number of threads explicitly so the affinity is not set.[m
[1;31m2026-08-01 11:48:15.885429421 [E:onnxruntime:Default, env.cc:228 ThreadMain] pthread_setaffinity_np failed for thread: 2870059, index: 5, mask: {6, }, error code: 22 error msg: Invalid argument. Specify the number of threads explicitly so the affinity is not set.[m
[1;31m2026-08-01 11:48:15.885225338 [E:onnxruntime:Default, env.cc:228 ThreadMain] pthread_setaffinity_np failed for thread: 2870054, index: 0, mask: {1, }, error code: 22 error msg: Invalid argument. Specify the number of threads explicitly so the affinity is not set.[m
[1;31m2026-08-01 11:48:15.885279209 [E:onnxruntime:Default, env.cc:228 ThreadMain] pthread_setaffinity_np failed for thread: 2870058, index: 4, mask: {5, }, error code: 22 error msg: Invalid argument. Specify the number of threads explicitly so the affinity is not set.[m
[1;31m2026-08-01 11:48:15.885526964 [E:onnxruntime:Default, env.cc:228 ThreadMain] pthread_setaffinity_np failed for thread: 2870060, index: 6, mask: {7, }, error code: 22 error msg: Invalid argument. Specify the number of threads explicitly so the affinity is not set.[m
[1;31m2026-08-01 11:48:15.885096487 [E:onnxruntime:Default, env.cc:228 ThreadMain] pthread_setaffinity_np failed for thread: 2870055, index: 1, mask: {2, }, error code: 22 error msg: Invalid argument. Specify the number of threads explicitly so the affinity is not set.[m
[1;31m2026-08-01 11:48:15.885746475 [E:onnxruntime:Default, env.cc:228 ThreadMain] pthread_setaffinity_np failed for thread: 2870062, index: 8, mask: {9, }, error code: 22 error msg: Invalid argument. Specify the number of threads explicitly so the affinity is not set.[m
[1;31m2026-08-01 11:48:15.885776531 [E:onnxruntime:Default, env.cc:228 ThreadMain] pthread_setaffinity_np failed for thread: 2870063, index: 9, mask: {10, }, error code: 22 error msg: Invalid argument. Specify the number of threads explicitly so the affinity is not set.[m
[1;31m2026-08-01 11:48:15.885798282 [E:onnxruntime:Default, env.cc:228 ThreadMain] pthread_setaffinity_np failed for thread: 2870064, index: 10, mask: {11, }, error code: 22 error msg: Invalid argument. Specify the number of threads explicitly so the affinity is not set.[m
[1;31m2026-08-01 11:48:15.885844298 [E:onnxruntime:Default, env.cc:228 ThreadMain] pthread_setaffinity_np failed for thread: 2870065, index: 11, mask: {12, }, error code: 22 error msg: Invalid argument. Specify the number of threads explicitly so the affinity is not set.[m
[1;31m2026-08-01 11:48:15.886308097 [E:onnxruntime:Default, env.cc:228 ThreadMain] pthread_setaffinity_np failed for thread: 2870072, index: 18, mask: {19, }, error code: 22 error msg: Invalid argument. Specify the number of threads explicitly so the affinity is not set.[m
[1;31m2026-08-01 11:48:15.886035156 [E:onnxruntime:Default, env.cc:228 ThreadMain] pthread_setaffinity_np failed for thread: 2870067, index: 13, mask: {14, }, error code: 22 error msg: Invalid argument. Specify the number of threads explicitly so the affinity is not set.[m
[1;31m2026-08-01 11:48:15.886058429 [E:onnxruntime:Default, env.cc:228 ThreadMain] pthread_setaffinity_np failed for thread: 2870068, index: 14, mask: {15, }, error code: 22 error msg: Invalid argument. Specify the number of threads explicitly so the affinity is not set.[m
[1;31m2026-08-01 11:48:15.885984210 [E:onnxruntime:Default, env.cc:228 ThreadMain] pthread_setaffinity_np failed for thread: 2870066, index: 12, mask: {13, }, error code: 22 error msg: Invalid argument. Specify the number of threads explicitly so the affinity is not set.[m
[1;31m2026-08-01 11:48:15.886486952 [E:onnxruntime:Default, env.cc:228 ThreadMain] pthread_setaffinity_np failed for thread: 2870078, index: 24, mask: {25, }, error code: 22 error msg: Invalid argument. Specify the number of threads explicitly so the affinity is not set.[m
[1;31m2026-08-01 11:48:15.886165760 [E:onnxruntime:Default, env.cc:228 ThreadMain] pthread_setaffinity_np failed for thread: 2870071, index: 17, mask: {18, }, error code: 22 error msg: Invalid argument. Specify the number of threads explicitly so the affinity is not set.[m
[1;31m2026-08-01 11:48:15.887841761 [E:onnxruntime:Default, env.cc:228 ThreadMain] pthread_setaffinity_np failed for thread: 2870077, index: 23, mask: {24, }, error code: 22 error msg: Invalid argument. Specify the number of threads explicitly so the affinity is not set.[m
[1;31m2026-08-01 11:48:15.886129593 [E:onnxruntime:Default, env.cc:228 ThreadMain] pthread_setaffinity_np failed for thread: 2870069, index: 15, mask: {16, }, error code: 22 error msg: Invalid argument. Specify the number of threads explicitly so the affinity is not set.[m
[1;31m2026-08-01 11:48:15.886373640 [E:onnxruntime:Default, env.cc:228 ThreadMain] pthread_setaffinity_np failed for thread: 2870074, index: 20, mask: {21, }, error code: 22 error msg: Invalid argument. Specify the number of threads explicitly so the affinity is not set.[m
[1;31m2026-08-01 11:48:15.895477589 [E:onnxruntime:Default, env.cc:228 ThreadMain] pthread_setaffinity_np failed for thread: 2870111, index: 57, mask: {58, }, error code: 22 error msg: Invalid argument. Specify the number of threads explicitly so the affinity is not set.[m
[1;31m2026-08-01 11:48:15.896484445 [E:onnxruntime:Default, env.cc:228 ThreadMain] pthread_setaffinity_np failed for thread: 2870114, index: 60, mask: {61, }, error code: 22 error msg: Invalid argument. Specify the number of threads explicitly so the affinity is not set.[m
[1;31m2026-08-01 11:48:15.896510564 [E:onnxruntime:Default, env.cc:228 ThreadMain] pthread_setaffinity_np failed for thread: 2870113, index: 59, mask: {60, }, error code: 22 error msg: Invalid argument. Specify the number of threads explicitly so the affinity is not set.[m
[1;31m2026-08-01 11:48:15.897477265 [E:onnxruntime:Default, env.cc:228 ThreadMain] pthread_setaffinity_np failed for thread: 2870110, index: 56, mask: {57, }, error code: 22 error msg: Invalid argument. Specify the number of threads explicitly so the affinity is not set.[m
[1;31m2026-08-01 11:48:15.886409667 [E:onnxruntime:Default, env.cc:228 ThreadMain] pthread_setaffinity_np failed for thread: 2870075, index: 21, mask: {22, }, error code: 22 error msg: Invalid argument. Specify the number of threads explicitly so the affinity is not set.[m
[1;31m2026-08-01 11:48:15.886432009 [E:onnxruntime:Default, env.cc:228 ThreadMain] pthread_setaffinity_np failed for thread: 2870076, index: 22, mask: {23, }, error code: 22 error msg: Invalid argument. Specify the number of threads explicitly so the affinity is not set.[m
[1;31m2026-08-01 11:48:15.898518046 [E:onnxruntime:Default, env.cc:228 ThreadMain] pthread_setaffinity_np failed for thread: 2870103, index: 49, mask: {50, }, error code: 22 error msg: Invalid argument. Specify the number of threads explicitly so the affinity is not set.[m
[1;31m2026-08-01 11:48:15.900474822 [E:onnxruntime:Default, env.cc:228 ThreadMain] pthread_setaffinity_np failed for thread: 2870115, index: 61, mask: {62, }, error code: 22 error msg: Invalid argument. Specify the number of threads explicitly so the affinity is not set.[m
[1;31m2026-08-01 11:48:15.886149510 [E:onnxruntime:Default, env.cc:228 ThreadMain] pthread_setaffinity_np failed for thread: 2870070, index: 16, mask: {17, }, error code: 22 error msg: Invalid argument. Specify the number of threads explicitly so the affinity is not set.[m
[1;31m2026-08-01 11:48:15.886336480 [E:onnxruntime:Default, env.cc:228 ThreadMain] pthread_setaffinity_np failed for thread: 2870073, index: 19, mask: {20, }, error code: 22 error msg: Invalid argument. Specify the number of threads explicitly so the affinity is not set.[m
[1;31m2026-08-01 11:48:15.905487745 [E:onnxruntime:Default, env.cc:228 ThreadMain] pthread_setaffinity_np failed for thread: 2870107, index: 53, mask: {54, }, error code: 22 error msg: Invalid argument. Specify the number of threads explicitly so the affinity is not set.[m
[1;31m2026-08-01 11:48:15.916615776 [E:onnxruntime:Default, env.cc:228 ThreadMain] pthread_setaffinity_np failed for thread: 2870082, index: 28, mask: {29, }, error code: 22 error msg: Invalid argument. Specify the number of threads explicitly so the affinity is not set.[m
[1;31m2026-08-01 11:48:15.905471735 [E:onnxruntime:Default, env.cc:228 ThreadMain] pthread_setaffinity_np failed for thread: 2870081, index: 27, mask: {28, }, error code: 22 error msg: Invalid argument. Specify the number of threads explicitly so the affinity is not set.[m
[1;31m2026-08-01 11:48:15.921941986 [E:onnxruntime:Default, env.cc:228 ThreadMain] pthread_setaffinity_np failed for thread: 2870108, index: 54, mask: {55, }, error code: 22 error msg: Invalid argument. Specify the number of threads explicitly so the affinity is not set.[m
[1;31m2026-08-01 11:48:15.926486712 [E:onnxruntime:Default, env.cc:228 ThreadMain] pthread_setaffinity_np failed for thread: 2870106, index: 52, mask: {53, }, error code: 22 error msg: Invalid argument. Specify the number of threads explicitly so the affinity is not set.[m
[1;31m2026-08-01 11:48:15.927467009 [E:onnxruntime:Default, env.cc:228 ThreadMain] pthread_setaffinity_np failed for thread: 2870104, index: 50, mask: {51, }, error code: 22 error msg: Invalid argument. Specify the number of threads explicitly so the affinity is not set.[m
[1;31m2026-08-01 11:48:15.936462064 [E:onnxruntime:Default, env.cc:228 ThreadMain] pthread_setaffinity_np failed for thread: 2870105, index: 51, mask: {52, }, error code: 22 error msg: Invalid argument. Specify the number of threads explicitly so the affinity is not set.[m
[1;31m2026-08-01 11:48:15.931492281 [E:onnxruntime:Default, env.cc:228 ThreadMain] pthread_setaffinity_np failed for thread: 2870084, index: 30, mask: {31, }, error code: 22 error msg: Invalid argument. Specify the number of threads explicitly so the affinity is not set.[m
[1;31m2026-08-01 11:48:15.916461177 [E:onnxruntime:Default, env.cc:228 ThreadMain] pthread_setaffinity_np failed for thread: 2870116, index: 62, mask: {63, }, error code: 22 error msg: Invalid argument. Specify the number of threads explicitly so the affinity is not set.[m
[1;31m2026-08-01 11:48:15.946470858 [E:onnxruntime:Default, env.cc:228 ThreadMain] pthread_setaffinity_np failed for thread: 2870102, index: 48, mask: {49, }, error code: 22 error msg: Invalid argument. Specify the number of threads explicitly so the affinity is not set.[m
[1;31m2026-08-01 11:48:15.916605808 [E:onnxruntime:Default, env.cc:228 ThreadMain] pthread_setaffinity_np failed for thread: 2870083, index: 29, mask: {30, }, error code: 22 error msg: Invalid argument. Specify the number of threads explicitly so the affinity is not set.[m
[1;31m2026-08-01 11:48:15.941950247 [E:onnxruntime:Default, env.cc:228 ThreadMain] pthread_setaffinity_np failed for thread: 2870080, index: 26, mask: {27, }, error code: 22 error msg: Invalid argument. Specify the number of threads explicitly so the affinity is not set.[m
[1;31m2026-08-01 11:48:15.941947863 [E:onnxruntime:Default, env.cc:228 ThreadMain] pthread_setaffinity_np failed for thread: 2870109, index: 55, mask: {56, }, error code: 22 error msg: Invalid argument. Specify the number of threads explicitly so the affinity is not set.[m
[1;31m2026-08-01 11:48:15.941950838 [E:onnxruntime:Default, env.cc:228 ThreadMain] pthread_setaffinity_np failed for thread: 2870079, index: 25, mask: {26, }, error code: 22 error msg: Invalid argument. Specify the number of threads explicitly so the affinity is not set.[m
[1;31m2026-08-01 11:48:15.921929743 [E:onnxruntime:Default, env.cc:228 ThreadMain] pthread_setaffinity_np failed for thread: 2870101, index: 47, mask: {48, }, error code: 22 error msg: Invalid argument. Specify the number of threads explicitly so the affinity is not set.[m
[1;31m2026-08-01 11:48:15.947121717 [E:onnxruntime:Default, env.cc:228 ThreadMain] pthread_setaffinity_np failed for thread: 2870112, index: 58, mask: {59, }, error code: 22 error msg: Invalid argument. Specify the number of threads explicitly so the affinity is not set.[m
2026-08-01 11:48:24.307 | INFO     | mineru.backend.pipeline.pipeline_analyze:doc_analyze_streaming:264 - Pipeline processing window batch 1/1: 12/12 pages, batch_pages=12, doc_slices=doc0:1-12
/work/hdd/bgkq/xchen48/conda_envs/mineru/lib/python3.11/site-packages/torch/cuda/__init__.py:187: UserWarning: CUDA initialization: The NVIDIA driver on your system is too old (found version 12080). Please update your GPU driver by downloading and installing a new version from the URL: http://www.nvidia.com/Download/index.aspx Alternatively, go to: https://pytorch.org to install a PyTorch version that has been compiled with your version of the CUDA driver. (Triggered internally at /pytorch/c10/cuda/CUDAFunctions.cpp:119.)
  return torch._C._cuda_getDeviceCount() > 0
2026-08-01 11:48:24.310 | INFO     | mineru.backend.pipeline.pipeline_analyze:batch_image_analyze:364 - GPU Memory: 1 GB, Batch Ratio: 1. 
2026-08-01 11:48:24.310 | INFO     | mineru.backend.pipeline.model_init:__init__:239 - DocAnalysis init, this may take some times......
[1;31m2026-08-01 11:48:25.708313638 [E:onnxruntime:Default, env.cc:228 ThreadMain] pthread_setaffinity_np failed for thread: 2870153, index: 4, mask: {5, }, error code: 22 error msg: Invalid argument. Specify the number of threads explicitly so the affinity is not set.[m
[1;31m2026-08-01 11:48:25.708501450 [E:onnxruntime:Default, env.cc:228 ThreadMain] pthread_setaffinity_np failed for thread: 2870159, index: 10, mask: {11, }, error code: 22 error msg: Invalid argument. Specify the number of threads explicitly so the affinity is not set.[m
[1;31m2026-08-01 11:48:25.708431148 [E:onnxruntime:Default, env.cc:228 ThreadMain] pthread_setaffinity_np failed for thread: 2870161, index: 12, mask: {13, }, error code: 22 error msg: Invalid argument. Specify the number of threads explicitly so the affinity is not set.[m
[1;31m2026-08-01 11:48:25.708388228 [E:onnxruntime:Default, env.cc:228 ThreadMain] pthread_setaffinity_np failed for thread: 2870157, index: 8, mask: {9, }, error code: 22 error msg: Invalid argument. Specify the number of threads explicitly so the affinity is not set.[m
[1;31m2026-08-01 11:48:25.708642123 [E:onnxruntime:Default, env.cc:228 ThreadMain] pthread_setaffinity_np failed for thread: 2870163, index: 14, mask: {15, }, error code: 22 error msg: Invalid argument. Specify the number of threads explicitly so the affinity is not set.[m
[1;31m2026-08-01 11:48:25.708427080 [E:onnxruntime:Default, env.cc:228 ThreadMain] pthread_setaffinity_np failed for thread: 2870151, index: 2, mask: {3, }, error code: 22 error msg: Invalid argument. Specify the number of threads explicitly so the affinity is not set.[m
[1;31m2026-08-01 11:48:25.708527458 [E:onnxruntime:Default, env.cc:228 ThreadMain] pthread_setaffinity_np failed for thread: 2870156, index: 7, mask: {8, }, error code: 22 error msg: Invalid argument. Specify the number of threads explicitly so the affinity is not set.[m
[1;31m2026-08-01 11:48:25.708841126 [E:onnxruntime:Default, env.cc:228 ThreadMain] pthread_setaffinity_np failed for thread: 2870166, index: 17, mask: {18, }, error code: 22 error msg: Invalid argument. Specify the number of threads explicitly so the affinity is not set.[m
[1;31m2026-08-01 11:48:25.708882394 [E:onnxruntime:Default, env.cc:228 ThreadMain] pthread_setaffinity_np failed for thread: 2870167, index: 18, mask: {19, }, error code: 22 error msg: Invalid argument. Specify the number of threads explicitly so the affinity is not set.[m
[1;31m2026-08-01 11:48:25.708920074 [E:onnxruntime:Default, env.cc:228 ThreadMain] pthread_setaffinity_np failed for thread: 2870168, index: 19, mask: {20, }, error code: 22 error msg: Invalid argument. Specify the number of threads explicitly so the affinity is not set.[m
[1;31m2026-08-01 11:48:25.708980748 [E:onnxruntime:Default, env.cc:228 ThreadMain] pthread_setaffinity_np failed for thread: 2870170, index: 21, mask: {22, }, error code: 22 error msg: Invalid argument. Specify the number of threads explicitly so the affinity is not set.[m
[1;31m2026-08-01 11:48:25.708467717 [E:onnxruntime:Default, env.cc:228 ThreadMain] pthread_setaffinity_np failed for thread: 2870152, index: 3, mask: {4, }, error code: 22 error msg: Invalid argument. Specify the number of threads explicitly so the affinity is not set.[m
[1;31m2026-08-01 11:48:25.709063884 [E:onnxruntime:Default, env.cc:228 ThreadMain] pthread_setaffinity_np failed for thread: 2870172, index: 23, mask: {24, }, error code: 22 error msg: Invalid argument. Specify the number of threads explicitly so the affinity is not set.[m
[1;31m2026-08-01 11:48:25.708484959 [E:onnxruntime:Default, env.cc:228 ThreadMain] pthread_setaffinity_np failed for thread: 2870160, index: 11, mask: {12, }, error code: 22 error msg: Invalid argument. Specify the number of threads explicitly so the affinity is not set.[m
[1;31m2026-08-01 11:48:25.709216429 [E:onnxruntime:Default, env.cc:228 ThreadMain] pthread_setaffinity_np failed for thread: 2870173, index: 24, mask: {25, }, error code: 22 error msg: Invalid argument. Specify the number of threads explicitly so the affinity is not set.[m
[1;31m2026-08-01 11:48:25.709247768 [E:onnxruntime:Default, env.cc:228 ThreadMain] pthread_setaffinity_np failed for thread: 2870174, index: 25, mask: {26, }, error code: 22 error msg: Invalid argument. Specify the number of threads explicitly so the affinity is not set.[m
[1;31m2026-08-01 11:48:25.708585858 [E:onnxruntime:Default, env.cc:228 ThreadMain] pthread_setaffinity_np failed for thread: 2870149, index: 0, mask: {1, }, error code: 22 error msg: Invalid argument. Specify the number of threads explicitly so the affinity is not set.[m
[1;31m2026-08-01 11:48:25.708607709 [E:onnxruntime:Default, env.cc:228 ThreadMain] pthread_setaffinity_np failed for thread: 2870162, index: 13, mask: {14, }, error code: 22 error msg: Invalid argument. Specify the number of threads explicitly so the affinity is not set.[m
[1;31m2026-08-01 11:48:25.710550600 [E:onnxruntime:Default, env.cc:228 ThreadMain] pthread_setaffinity_np failed for thread: 2870197, index: 48, mask: {49, }, error code: 22 error msg: Invalid argument. Specify the number of threads explicitly so the affinity is not set.[m
[1;31m2026-08-01 11:48:25.721476965 [E:onnxruntime:Default, env.cc:228 ThreadMain] pthread_setaffinity_np failed for thread: 2870196, index: 47, mask: {48, }, error code: 22 error msg: Invalid argument. Specify the number of threads explicitly so the affinity is not set.[m
[1;31m2026-08-01 11:48:25.708396884 [E:onnxruntime:Default, env.cc:228 ThreadMain] pthread_setaffinity_np failed for thread: 2870154, index: 5, mask: {6, }, error code: 22 error msg: Invalid argument. Specify the number of threads explicitly so the affinity is not set.[m
[1;31m2026-08-01 11:48:25.708675887 [E:onnxruntime:Default, env.cc:228 ThreadMain] pthread_setaffinity_np failed for thread: 2870164, index: 15, mask: {16, }, error code: 22 error msg: Invalid argument. Specify the number of threads explicitly so the affinity is not set.[m
[1;31m2026-08-01 11:48:25.708710061 [E:onnxruntime:Default, env.cc:228 ThreadMain] pthread_setaffinity_np failed for thread: 2870165, index: 16, mask: {17, }, error code: 22 error msg: Invalid argument. Specify the number of threads explicitly so the affinity is not set.[m
[1;31m2026-08-01 11:48:25.708945392 [E:onnxruntime:Default, env.cc:228 ThreadMain] pthread_setaffinity_np failed for thread: 2870169, index: 20, mask: {21, }, error code: 22 error msg: Invalid argument. Specify the number of threads explicitly so the affinity is not set.[m
[1;31m2026-08-01 11:48:25.708553377 [E:onnxruntime:Default, env.cc:228 ThreadMain] pthread_setaffinity_np failed for thread: 2870158, index: 9, mask: {10, }, error code: 22 error msg: Invalid argument. Specify the number of threads explicitly so the affinity is not set.[m
[1;31m2026-08-01 11:48:25.731485250 [E:onnxruntime:Default, env.cc:228 ThreadMain] pthread_setaffinity_np failed for thread: 2870203, index: 54, mask: {55, }, error code: 22 error msg: Invalid argument. Specify the number of threads explicitly so the affinity is not set.[m
[1;31m2026-08-01 11:48:25.708459862 [E:onnxruntime:Default, env.cc:228 ThreadMain] pthread_setaffinity_np failed for thread: 2870155, index: 6, mask: {7, }, error code: 22 error msg: Invalid argument. Specify the number of threads explicitly so the affinity is not set.[m
[1;31m2026-08-01 11:48:25.735474295 [E:onnxruntime:Default, env.cc:228 ThreadMain] pthread_setaffinity_np failed for thread: 2870204, index: 55, mask: {56, }, error code: 22 error msg: Invalid argument. Specify the number of threads explicitly so the affinity is not set.[m
[1;31m2026-08-01 11:48:25.709029109 [E:onnxruntime:Default, env.cc:228 ThreadMain] pthread_setaffinity_np failed for thread: 2870171, index: 22, mask: {23, }, error code: 22 error msg: Invalid argument. Specify the number of threads explicitly so the affinity is not set.[m
[1;31m2026-08-01 11:48:25.737910931 [E:onnxruntime:Default, env.cc:228 ThreadMain] pthread_setaffinity_np failed for thread: 2870205, index: 56, mask: {57, }, error code: 22 error msg: Invalid argument. Specify the number of threads explicitly so the affinity is not set.[m
[1;31m2026-08-01 11:48:25.708357861 [E:onnxruntime:Default, env.cc:228 ThreadMain] pthread_setaffinity_np failed for thread: 2870150, index: 1, mask: {2, }, error code: 22 error msg: Invalid argument. Specify the number of threads explicitly so the affinity is not set.[m
[1;31m2026-08-01 11:48:25.741512720 [E:onnxruntime:Default, env.cc:228 ThreadMain] pthread_setaffinity_np failed for thread: 2870177, index: 28, mask: {29, }, error code: 22 error msg: Invalid argument. Specify the number of threads explicitly so the affinity is not set.[m
[1;31m2026-08-01 11:48:25.753496807 [E:onnxruntime:Default, env.cc:228 ThreadMain] pthread_setaffinity_np failed for thread: 2870202, index: 53, mask: {54, }, error code: 22 error msg: Invalid argument. Specify the number of threads explicitly so the affinity is not set.[m
[1;31m2026-08-01 11:48:25.757369475 [E:onnxruntime:Default, env.cc:228 ThreadMain] pthread_setaffinity_np failed for thread: 2870207, index: 58, mask: {59, }, error code: 22 error msg: Invalid argument. Specify the number of threads explicitly so the affinity is not set.[m
[1;31m2026-08-01 11:48:25.757470834 [E:onnxruntime:Default, env.cc:228 ThreadMain] pthread_setaffinity_np failed for thread: 2870176, index: 27, mask: {28, }, error code: 22 error msg: Invalid argument. Specify the number of threads explicitly so the affinity is not set.[m
[1;31m2026-08-01 11:48:25.765471888 [E:onnxruntime:Default, env.cc:228 ThreadMain] pthread_setaffinity_np failed for thread: 2870198, index: 49, mask: {50, }, error code: 22 error msg: Invalid argument. Specify the number of threads explicitly so the affinity is not set.[m
[1;31m2026-08-01 11:48:25.767909005 [E:onnxruntime:Default, env.cc:228 ThreadMain] pthread_setaffinity_np failed for thread: 2870201, index: 52, mask: {53, }, error code: 22 error msg: Invalid argument. Specify the number of threads explicitly so the affinity is not set.[m
[1;31m2026-08-01 11:48:25.773464205 [E:onnxruntime:Default, env.cc:228 ThreadMain] pthread_setaffinity_np failed for thread: 2870209, index: 60, mask: {61, }, error code: 22 error msg: Invalid argument. Specify the number of threads explicitly so the affinity is not set.[m
[1;31m2026-08-01 11:48:25.776513639 [E:onnxruntime:Default, env.cc:228 ThreadMain] pthread_setaffinity_np failed for thread: 2870199, index: 50, mask: {51, }, error code: 22 error msg: Invalid argument. Specify the number of threads explicitly so the affinity is not set.[m
[1;31m2026-08-01 11:48:25.747396426 [E:onnxruntime:Default, env.cc:228 ThreadMain] pthread_setaffinity_np failed for thread: 2870179, index: 30, mask: {31, }, error code: 22 error msg: Invalid argument. Specify the number of threads explicitly so the affinity is not set.[m
[1;31m2026-08-01 11:48:25.747429348 [E:onnxruntime:Default, env.cc:228 ThreadMain] pthread_setaffinity_np failed for thread: 2870175, index: 26, mask: {27, }, error code: 22 error msg: Invalid argument. Specify the number of threads explicitly so the affinity is not set.[m
[1;31m2026-08-01 11:48:25.778088791 [E:onnxruntime:Default, env.cc:228 ThreadMain] pthread_setaffinity_np failed for thread: 2870210, index: 61, mask: {62, }, error code: 22 error msg: Invalid argument. Specify the number of threads explicitly so the affinity is not set.[m
[1;31m2026-08-01 11:48:25.753456632 [E:onnxruntime:Default, env.cc:228 ThreadMain] pthread_setaffinity_np failed for thread: 2870200, index: 51, mask: {52, }, error code: 22 error msg: Invalid argument. Specify the number of threads explicitly so the affinity is not set.[m
[1;31m2026-08-01 11:48:25.747429438 [E:onnxruntime:Default, env.cc:228 ThreadMain] pthread_setaffinity_np failed for thread: 2870211, index: 62, mask: {63, }, error code: 22 error msg: Invalid argument. Specify the number of threads explicitly so the affinity is not set.[m
[1;31m2026-08-01 11:48:25.777976090 [E:onnxruntime:Default, env.cc:228 ThreadMain] pthread_setaffinity_np failed for thread: 2870208, index: 59, mask: {60, }, error code: 22 error msg: Invalid argument. Specify the number of threads explicitly so the affinity is not set.[m
[1;31m2026-08-01 11:48:25.777986058 [E:onnxruntime:Default, env.cc:228 ThreadMain] pthread_setaffinity_np failed for thread: 2870178, index: 29, mask: {30, }, error code: 22 error msg: Invalid argument. Specify the number of threads explicitly so the affinity is not set.[m
[1;31m2026-08-01 11:48:25.784462865 [E:onnxruntime:Default, env.cc:228 ThreadMain] pthread_setaffinity_np failed for thread: 2870206, index: 57, mask: {58, }, error code: 22 error msg: Invalid argument. Specify the number of threads explicitly so the affinity is not set.[m
[1;31m2026-08-01 11:48:25.862269309 [E:onnxruntime:Default, env.cc:228 ThreadMain] pthread_setaffinity_np failed for thread: 2870212, index: 0, mask: {1, }, error code: 22 error msg: Invalid argument. Specify the number of threads explicitly so the affinity is not set.[m
[1;31m2026-08-01 11:48:25.862290538 [E:onnxruntime:Default, env.cc:228 ThreadMain] pthread_setaffinity_np failed for thread: 2870213, index: 1, mask: {2, }, error code: 22 error msg: Invalid argument. Specify the number of threads explicitly so the affinity is not set.[m
[1;31m2026-08-01 11:48:25.862332347 [E:onnxruntime:Default, env.cc:228 ThreadMain] pthread_setaffinity_np failed for thread: 2870214, index: 2, mask: {3, }, error code: 22 error msg: Invalid argument. Specify the number of threads explicitly so the affinity is not set.[m
[1;31m2026-08-01 11:48:25.862592033 [E:onnxruntime:Default, env.cc:228 ThreadMain] pthread_setaffinity_np failed for thread: 2870217, index: 5, mask: {6, }, error code: 22 error msg: Invalid argument. Specify the number of threads explicitly so the affinity is not set.[m
[1;31m2026-08-01 11:48:25.864195959 [E:onnxruntime:Default, env.cc:228 ThreadMain] pthread_setaffinity_np failed for thread: 2870274, index: 62, mask: {63, }, error code: 22 error msg: Invalid argument. Specify the number of threads explicitly so the affinity is not set.[m
[1;31m2026-08-01 11:48:25.865582738 [E:onnxruntime:Default, env.cc:228 ThreadMain] pthread_setaffinity_np failed for thread: 2870237, index: 25, mask: {26, }, error code: 22 error msg: Invalid argument. Specify the number of threads explicitly so the affinity is not set.[m
[1;31m2026-08-01 11:48:25.866674944 [E:onnxruntime:Default, env.cc:228 ThreadMain] pthread_setaffinity_np failed for thread: 2870226, index: 14, mask: {15, }, error code: 22 error msg: Invalid argument. Specify the number of threads explicitly so the affinity is not set.[m
[1;31m2026-08-01 11:48:25.867400915 [E:onnxruntime:Default, env.cc:228 ThreadMain] pthread_setaffinity_np failed for thread: 2870236, index: 24, mask: {25, }, error code: 22 error msg: Invalid argument. Specify the number of threads explicitly so the affinity is not set.[m
[1;31m2026-08-01 11:48:25.868569444 [E:onnxruntime:Default, env.cc:228 ThreadMain] pthread_setaffinity_np failed for thread: 2870259, index: 47, mask: {48, }, error code: 22 error msg: Invalid argument. Specify the number of threads explicitly so the affinity is not set.[m
[1;31m2026-08-01 11:48:25.869520076 [E:onnxruntime:Default, env.cc:228 ThreadMain] pthread_setaffinity_np failed for thread: 2870218, index: 6, mask: {7, }, error code: 22 error msg: Invalid argument. Specify the number of threads explicitly so the affinity is not set.[m
[1;31m2026-08-01 11:48:25.870478502 [E:onnxruntime:Default, env.cc:228 ThreadMain] pthread_setaffinity_np failed for thread: 2870232, index: 20, mask: {21, }, error code: 22 error msg: Invalid argument. Specify the number of threads explicitly so the affinity is not set.[m
[1;31m2026-08-01 11:48:25.870525360 [E:onnxruntime:Default, env.cc:228 ThreadMain] pthread_setaffinity_np failed for thread: 2870268, index: 56, mask: {57, }, error code: 22 error msg: Invalid argument. Specify the number of threads explicitly so the affinity is not set.[m
[1;31m2026-08-01 11:48:25.871242884 [E:onnxruntime:Default, env.cc:228 ThreadMain] pthread_setaffinity_np failed for thread: 2870264, index: 52, mask: {53, }, error code: 22 error msg: Invalid argument. Specify the number of threads explicitly so the affinity is not set.[m
[1;31m2026-08-01 11:48:25.871526175 [E:onnxruntime:Default, env.cc:228 ThreadMain] pthread_setaffinity_np failed for thread: 2870239, index: 27, mask: {28, }, error code: 22 error msg: Invalid argument. Specify the number of threads explicitly so the affinity is not set.[m
[1;31m2026-08-01 11:48:25.871676867 [E:onnxruntime:Default, env.cc:228 ThreadMain] pthread_setaffinity_np failed for thread: 2870269, index: 57, mask: {58, }, error code: 22 error msg: Invalid argument. Specify the number of threads explicitly so the affinity is not set.[m
[1;31m2026-08-01 11:48:25.871473326 [E:onnxruntime:Default, env.cc:228 ThreadMain] pthread_setaffinity_np failed for thread: 2870273, index: 61, mask: {62, }, error code: 22 error msg: Invalid argument. Specify the number of threads explicitly so the affinity is not set.[m
[1;31m2026-08-01 11:48:25.870508378 [E:onnxruntime:Default, env.cc:228 ThreadMain] pthread_setaffinity_np failed for thread: 2870270, index: 58, mask: {59, }, error code: 22 error msg: Invalid argument. Specify the number of threads explicitly so the affinity is not set.[m
[1;31m2026-08-01 11:48:25.871495688 [E:onnxruntime:Default, env.cc:228 ThreadMain] pthread_setaffinity_np failed for thread: 2870233, index: 21, mask: {22, }, error code: 22 error msg: Invalid argument. Specify the number of threads explicitly so the affinity is not set.[m
[1;31m2026-08-01 11:48:25.881913450 [E:onnxruntime:Default, env.cc:228 ThreadMain] pthread_setaffinity_np failed for thread: 2870224, index: 12, mask: {13, }, error code: 22 error msg: Invalid argument. Specify the number of threads explicitly so the affinity is not set.[m
[1;31m2026-08-01 11:48:25.886470790 [E:onnxruntime:Default, env.cc:228 ThreadMain] pthread_setaffinity_np failed for thread: 2870220, index: 8, mask: {9, }, error code: 22 error msg: Invalid argument. Specify the number of threads explicitly so the affinity is not set.[m
[1;31m2026-08-01 11:48:25.876479026 [E:onnxruntime:Default, env.cc:228 ThreadMain] pthread_setaffinity_np failed for thread: 2870242, index: 30, mask: {31, }, error code: 22 error msg: Invalid argument. Specify the number of threads explicitly so the affinity is not set.[m
[1;31m2026-08-01 11:48:25.896470879 [E:onnxruntime:Default, env.cc:228 ThreadMain] pthread_setaffinity_np failed for thread: 2870230, index: 18, mask: {19, }, error code: 22 error msg: Invalid argument. Specify the number of threads explicitly so the affinity is not set.[m
[1;31m2026-08-01 11:48:25.876593832 [E:onnxruntime:Default, env.cc:228 ThreadMain] pthread_setaffinity_np failed for thread: 2870225, index: 13, mask: {14, }, error code: 22 error msg: Invalid argument. Specify the number of threads explicitly so the affinity is not set.[m
[1;31m2026-08-01 11:48:25.909431857 [E:onnxruntime:Default, env.cc:228 ThreadMain] pthread_setaffinity_np failed for thread: 2870263, index: 51, mask: {52, }, error code: 22 error msg: Invalid argument. Specify the number of threads explicitly so the affinity is not set.[m
[1;31m2026-08-01 11:48:25.911242761 [E:onnxruntime:Default, env.cc:228 ThreadMain] pthread_setaffinity_np failed for thread: 2870271, index: 59, mask: {60, }, error code: 22 error msg: Invalid argument. Specify the number of threads explicitly so the affinity is not set.[m
[1;31m2026-08-01 11:48:25.920498425 [E:onnxruntime:Default, env.cc:228 ThreadMain] pthread_setaffinity_np failed for thread: 2870229, index: 17, mask: {18, }, error code: 22 error msg: Invalid argument. Specify the number of threads explicitly so the affinity is not set.[m
[1;31m2026-08-01 11:48:25.921919779 [E:onnxruntime:Default, env.cc:228 ThreadMain] pthread_setaffinity_np failed for thread: 2870228, index: 16, mask: {17, }, error code: 22 error msg: Invalid argument. Specify the number of threads explicitly so the affinity is not set.[m
[1;31m2026-08-01 11:48:25.879495018 [E:onnxruntime:Default, env.cc:228 ThreadMain] pthread_setaffinity_np failed for thread: 2870260, index: 48, mask: {49, }, error code: 22 error msg: Invalid argument. Specify the number of threads explicitly so the affinity is not set.[m
[1;31m2026-08-01 11:48:25.876536384 [E:onnxruntime:Default, env.cc:228 ThreadMain] pthread_setaffinity_np failed for thread: 2870266, index: 54, mask: {55, }, error code: 22 error msg: Invalid argument. Specify the number of threads explicitly so the affinity is not set.[m
[1;31m2026-08-01 11:48:25.920480121 [E:onnxruntime:Default, env.cc:228 ThreadMain] pthread_setaffinity_np failed for thread: 2870267, index: 55, mask: {56, }, error code: 22 error msg: Invalid argument. Specify the number of threads explicitly so the affinity is not set.[m
[1;31m2026-08-01 11:48:25.876579234 [E:onnxruntime:Default, env.cc:228 ThreadMain] pthread_setaffinity_np failed for thread: 2870219, index: 7, mask: {8, }, error code: 22 error msg: Invalid argument. Specify the number of threads explicitly so the affinity is not set.[m
[1;31m2026-08-01 11:48:25.931512805 [E:onnxruntime:Default, env.cc:228 ThreadMain] pthread_setaffinity_np failed for thread: 2870221, index: 9, mask: {10, }, error code: 22 error msg: Invalid argument. Specify the number of threads explicitly so the affinity is not set.[m
[1;31m2026-08-01 11:48:25.941095522 [E:onnxruntime:Default, env.cc:228 ThreadMain] pthread_setaffinity_np failed for thread: 2870215, index: 3, mask: {4, }, error code: 22 error msg: Invalid argument. Specify the number of threads explicitly so the affinity is not set.[m
[1;31m2026-08-01 11:48:25.921505863 [E:onnxruntime:Default, env.cc:228 ThreadMain] pthread_setaffinity_np failed for thread: 2870227, index: 15, mask: {16, }, error code: 22 error msg: Invalid argument. Specify the number of threads explicitly so the affinity is not set.[m
[1;31m2026-08-01 11:48:25.941042172 [E:onnxruntime:Default, env.cc:228 ThreadMain] pthread_setaffinity_np failed for thread: 2870231, index: 19, mask: {20, }, error code: 22 error msg: Invalid argument. Specify the number of threads explicitly so the affinity is not set.[m
[1;31m2026-08-01 11:48:25.931495863 [E:onnxruntime:Default, env.cc:228 ThreadMain] pthread_setaffinity_np failed for thread: 2870240, index: 28, mask: {29, }, error code: 22 error msg: Invalid argument. Specify the number of threads explicitly so the affinity is not set.[m
[1;31m2026-08-01 11:48:25.931910100 [E:onnxruntime:Default, env.cc:228 ThreadMain] pthread_setaffinity_np failed for thread: 2870235, index: 23, mask: {24, }, error code: 22 error msg: Invalid argument. Specify the number of threads explicitly so the affinity is not set.[m
[1;31m2026-08-01 11:48:25.951923182 [E:onnxruntime:Default, env.cc:228 ThreadMain] pthread_setaffinity_np failed for thread: 2870222, index: 10, mask: {11, }, error code: 22 error msg: Invalid argument. Specify the number of threads explicitly so the affinity is not set.[m
[1;31m2026-08-01 11:48:25.931550005 [E:onnxruntime:Default, env.cc:228 ThreadMain] pthread_setaffinity_np failed for thread: 2870272, index: 60, mask: {61, }, error code: 22 error msg: Invalid argument. Specify the number of threads explicitly so the affinity is not set.[m
[1;31m2026-08-01 11:48:25.941948301 [E:onnxruntime:Default, env.cc:228 ThreadMain] pthread_setaffinity_np failed for thread: 2870241, index: 29, mask: {30, }, error code: 22 error msg: Invalid argument. Specify the number of threads explicitly so the affinity is not set.[m
[1;31m2026-08-01 11:48:25.941066147 [E:onnxruntime:Default, env.cc:228 ThreadMain] pthread_setaffinity_np failed for thread: 2870223, index: 11, mask: {12, }, error code: 22 error msg: Invalid argument. Specify the number of threads explicitly so the affinity is not set.[m
[1;31m2026-08-01 11:48:25.931549804 [E:onnxruntime:Default, env.cc:228 ThreadMain] pthread_setaffinity_np failed for thread: 2870261, index: 49, mask: {50, }, error code: 22 error msg: Invalid argument. Specify the number of threads explicitly so the affinity is not set.[m
[1;31m2026-08-01 11:48:25.931543432 [E:onnxruntime:Default, env.cc:228 ThreadMain] pthread_setaffinity_np failed for thread: 2870262, index: 50, mask: {51, }, error code: 22 error msg: Invalid argument. Specify the number of threads explicitly so the affinity is not set.[m
[1;31m2026-08-01 11:48:25.931552399 [E:onnxruntime:Default, env.cc:228 ThreadMain] pthread_setaffinity_np failed for thread: 2870238, index: 26, mask: {27, }, error code: 22 error msg: Invalid argument. Specify the number of threads explicitly so the affinity is not set.[m
[1;31m2026-08-01 11:48:25.941916681 [E:onnxruntime:Default, env.cc:228 ThreadMain] pthread_setaffinity_np failed for thread: 2870234, index: 22, mask: {23, }, error code: 22 error msg: Invalid argument. Specify the number of threads explicitly so the affinity is not set.[m
[1;31m2026-08-01 11:48:25.951995959 [E:onnxruntime:Default, env.cc:228 ThreadMain] pthread_setaffinity_np failed for thread: 2870265, index: 53, mask: {54, }, error code: 22 error msg: Invalid argument. Specify the number of threads explicitly so the affinity is not set.[m
[1;31m2026-08-01 11:48:25.960464689 [E:onnxruntime:Default, env.cc:228 ThreadMain] pthread_setaffinity_np failed for thread: 2870216, index: 4, mask: {5, }, error code: 22 error msg: Invalid argument. Specify the number of threads explicitly so the affinity is not set.[m
[1;31m2026-08-01 11:48:26.112976043 [E:onnxruntime:Default, env.cc:228 ThreadMain] pthread_setaffinity_np failed for thread: 2870277, index: 2, mask: {3, }, error code: 22 error msg: Invalid argument. Specify the number of threads explicitly so the affinity is not set.[m
[1;31m2026-08-01 11:48:26.112943131 [E:onnxruntime:Default, env.cc:228 ThreadMain] pthread_setaffinity_np failed for thread: 2870275, index: 0, mask: {1, }, error code: 22 error msg: Invalid argument. Specify the number of threads explicitly so the affinity is not set.[m
[1;31m2026-08-01 11:48:26.112991442 [E:onnxruntime:Default, env.cc:228 ThreadMain] pthread_setaffinity_np failed for thread: 2870276, index: 1, mask: {2, }, error code: 22 error msg: Invalid argument. Specify the number of threads explicitly so the affinity is not set.[m
[1;31m2026-08-01 11:48:26.113188861 [E:onnxruntime:Default, env.cc:228 ThreadMain] pthread_setaffinity_np failed for thread: 2870278, index: 3, mask: {4, }, error code: 22 error msg: Invalid argument. Specify the number of threads explicitly so the affinity is not set.[m
[1;31m2026-08-01 11:48:26.113256689 [E:onnxruntime:Default, env.cc:228 ThreadMain] pthread_setaffinity_np failed for thread: 2870279, index: 4, mask: {5, }, error code: 22 error msg: Invalid argument. Specify the number of threads explicitly so the affinity is not set.[m
[1;31m2026-08-01 11:48:26.113291384 [E:onnxruntime:Default, env.cc:228 ThreadMain] pthread_setaffinity_np failed for thread: 2870281, index: 6, mask: {7, }, error code: 22 error msg: Invalid argument. Specify the number of threads explicitly so the affinity is not set.[m
[1;31m2026-08-01 11:48:26.113298056 [E:onnxruntime:Default, env.cc:228 ThreadMain] pthread_setaffinity_np failed for thread: 2870280, index: 5, mask: {6, }, error code: 22 error msg: Invalid argument. Specify the number of threads explicitly so the affinity is not set.[m
[1;31m2026-08-01 11:48:26.113385240 [E:onnxruntime:Default, env.cc:228 ThreadMain] pthread_setaffinity_np failed for thread: 2870283, index: 8, mask: {9, }, error code: 22 error msg: Invalid argument. Specify the number of threads explicitly so the affinity is not set.[m
[1;31m2026-08-01 11:48:26.113396140 [E:onnxruntime:Default, env.cc:228 ThreadMain] pthread_setaffinity_np failed for thread: 2870282, index: 7, mask: {8, }, error code: 22 error msg: Invalid argument. Specify the number of threads explicitly so the affinity is not set.[m
[1;31m2026-08-01 11:48:26.113601765 [E:onnxruntime:Default, env.cc:228 ThreadMain] pthread_setaffinity_np failed for thread: 2870284, index: 9, mask: {10, }, error code: 22 error msg: Invalid argument. Specify the number of threads explicitly so the affinity is not set.[m
[1;31m2026-08-01 11:48:26.113656027 [E:onnxruntime:Default, env.cc:228 ThreadMain] pthread_setaffinity_np failed for thread: 2870286, index: 11, mask: {12, }, error code: 22 error msg: Invalid argument. Specify the number of threads explicitly so the affinity is not set.[m
[1;31m2026-08-01 11:48:26.113688568 [E:onnxruntime:Default, env.cc:228 ThreadMain] pthread_setaffinity_np failed for thread: 2870287, index: 12, mask: {13, }, error code: 22 error msg: Invalid argument. Specify the number of threads explicitly so the affinity is not set.[m
[1;31m2026-08-01 11:48:26.113761895 [E:onnxruntime:Default, env.cc:228 ThreadMain] pthread_setaffinity_np failed for thread: 2870289, index: 14, mask: {15, }, error code: 22 error msg: Invalid argument. Specify the number of threads explicitly so the affinity is not set.[m
[1;31m2026-08-01 11:48:26.113711671 [E:onnxruntime:Default, env.cc:228 ThreadMain] pthread_setaffinity_np failed for thread: 2870288, index: 13, mask: {14, }, error code: 22 error msg: Invalid argument. Specify the number of threads explicitly so the affinity is not set.[m
[1;31m2026-08-01 11:48:26.113613337 [E:onnxruntime:Default, env.cc:228 ThreadMain] pthread_setaffinity_np failed for thread: 2870285, index: 10, mask: {11, }, error code: 22 error msg: Invalid argument. Specify the number of threads explicitly so the affinity is not set.[m
[1;31m2026-08-01 11:48:26.113822769 [E:onnxruntime:Default, env.cc:228 ThreadMain] pthread_setaffinity_np failed for thread: 2870290, index: 15, mask: {16, }, error code: 22 error msg: Invalid argument. Specify the number of threads explicitly so the affinity is not set.[m
[1;31m2026-08-01 11:48:26.114010641 [E:onnxruntime:Default, env.cc:228 ThreadMain] pthread_setaffinity_np failed for thread: 2870292, index: 17, mask: {18, }, error code: 22 error msg: Invalid argument. Specify the number of threads explicitly so the affinity is not set.[m
[1;31m2026-08-01 11:48:26.116456395 [E:onnxruntime:Default, env.cc:228 ThreadMain] pthread_setaffinity_np failed for thread: 2870291, index: 16, mask: {17, }, error code: 22 error msg: Invalid argument. Specify the number of threads explicitly so the affinity is not set.[m
[1;31m2026-08-01 11:48:26.121436076 [E:onnxruntime:Default, env.cc:228 ThreadMain] pthread_setaffinity_np failed for thread: 2870303, index: 28, mask: {29, }, error code: 22 error msg: Invalid argument. Specify the number of threads explicitly so the affinity is not set.[m
[1;31m2026-08-01 11:48:26.121489607 [E:onnxruntime:Default, env.cc:228 ThreadMain] pthread_setaffinity_np failed for thread: 2870304, index: 29, mask: {30, }, error code: 22 error msg: Invalid argument. Specify the number of threads explicitly so the affinity is not set.[m
[1;31m2026-08-01 11:48:26.121968444 [E:onnxruntime:Default, env.cc:228 ThreadMain] pthread_setaffinity_np failed for thread: 2870323, index: 48, mask: {49, }, error code: 22 error msg: Invalid argument. Specify the number of threads explicitly so the affinity is not set.[m
[1;31m2026-08-01 11:48:26.126505736 [E:onnxruntime:Default, env.cc:228 ThreadMain] pthread_setaffinity_np failed for thread: 2870326, index: 51, mask: {52, }, error code: 22 error msg: Invalid argument. Specify the number of threads explicitly so the affinity is not set.[m
[1;31m2026-08-01 11:48:26.127551386 [E:onnxruntime:Default, env.cc:228 ThreadMain] pthread_setaffinity_np failed for thread: 2870297, index: 22, mask: {23, }, error code: 22 error msg: Invalid argument. Specify the number of threads explicitly so the affinity is not set.[m
[1;31m2026-08-01 11:48:26.130809010 [E:onnxruntime:Default, env.cc:228 ThreadMain] pthread_setaffinity_np failed for thread: 2870327, index: 52, mask: {53, }, error code: 22 error msg: Invalid argument. Specify the number of threads explicitly so the affinity is not set.[m
[1;31m2026-08-01 11:48:26.131437208 [E:onnxruntime:Default, env.cc:228 ThreadMain] pthread_setaffinity_np failed for thread: 2870328, index: 53, mask: {54, }, error code: 22 error msg: Invalid argument. Specify the number of threads explicitly so the affinity is not set.[m
[1;31m2026-08-01 11:48:26.131488784 [E:onnxruntime:Default, env.cc:228 ThreadMain] pthread_setaffinity_np failed for thread: 2870295, index: 20, mask: {21, }, error code: 22 error msg: Invalid argument. Specify the number of threads explicitly so the affinity is not set.[m
[1;31m2026-08-01 11:48:26.131519662 [E:onnxruntime:Default, env.cc:228 ThreadMain] pthread_setaffinity_np failed for thread: 2870322, index: 47, mask: {48, }, error code: 22 error msg: Invalid argument. Specify the number of threads explicitly so the affinity is not set.[m
[1;31m2026-08-01 11:48:26.131677708 [E:onnxruntime:Default, env.cc:228 ThreadMain] pthread_setaffinity_np failed for thread: 2870332, index: 57, mask: {58, }, error code: 22 error msg: Invalid argument. Specify the number of threads explicitly so the affinity is not set.[m
[1;31m2026-08-01 11:48:26.131927696 [E:onnxruntime:Default, env.cc:228 ThreadMain] pthread_setaffinity_np failed for thread: 2870330, index: 55, mask: {56, }, error code: 22 error msg: Invalid argument. Specify the number of threads explicitly so the affinity is not set.[m
[1;31m2026-08-01 11:48:26.133531342 [E:onnxruntime:Default, env.cc:228 ThreadMain] pthread_setaffinity_np failed for thread: 2870333, index: 58, mask: {59, }, error code: 22 error msg: Invalid argument. Specify the number of threads explicitly so the affinity is not set.[m
[1;31m2026-08-01 11:48:26.137487626 [E:onnxruntime:Default, env.cc:228 ThreadMain] pthread_setaffinity_np failed for thread: 2870335, index: 60, mask: {61, }, error code: 22 error msg: Invalid argument. Specify the number of threads explicitly so the affinity is not set.[m
[1;31m2026-08-01 11:48:26.138203206 [E:onnxruntime:Default, env.cc:228 ThreadMain] pthread_setaffinity_np failed for thread: 2870296, index: 21, mask: {22, }, error code: 22 error msg: Invalid argument. Specify the number of threads explicitly so the affinity is not set.[m
[1;31m2026-08-01 11:48:26.143474965 [E:onnxruntime:Default, env.cc:228 ThreadMain] pthread_setaffinity_np failed for thread: 2870294, index: 19, mask: {20, }, error code: 22 error msg: Invalid argument. Specify the number of threads explicitly so the affinity is not set.[m
[1;31m2026-08-01 11:48:26.144564236 [E:onnxruntime:Default, env.cc:228 ThreadMain] pthread_setaffinity_np failed for thread: 2870302, index: 27, mask: {28, }, error code: 22 error msg: Invalid argument. Specify the number of threads explicitly so the affinity is not set.[m
[1;31m2026-08-01 11:48:26.147377789 [E:onnxruntime:Default, env.cc:228 ThreadMain] pthread_setaffinity_np failed for thread: 2870301, index: 26, mask: {27, }, error code: 22 error msg: Invalid argument. Specify the number of threads explicitly so the affinity is not set.[m
[1;31m2026-08-01 11:48:26.144498664 [E:onnxruntime:Default, env.cc:228 ThreadMain] pthread_setaffinity_np failed for thread: 2870334, index: 59, mask: {60, }, error code: 22 error msg: Invalid argument. Specify the number of threads explicitly so the affinity is not set.[m
[1;31m2026-08-01 11:48:26.144480479 [E:onnxruntime:Default, env.cc:228 ThreadMain] pthread_setaffinity_np failed for thread: 2870325, index: 50, mask: {51, }, error code: 22 error msg: Invalid argument. Specify the number of threads explicitly so the affinity is not set.[m
[1;31m2026-08-01 11:48:26.144486591 [E:onnxruntime:Default, env.cc:228 ThreadMain] pthread_setaffinity_np failed for thread: 2870299, index: 24, mask: {25, }, error code: 22 error msg: Invalid argument. Specify the number of threads explicitly so the affinity is not set.[m
[1;31m2026-08-01 11:48:26.133513268 [E:onnxruntime:Default, env.cc:228 ThreadMain] pthread_setaffinity_np failed for thread: 2870329, index: 54, mask: {55, }, error code: 22 error msg: Invalid argument. Specify the number of threads explicitly so the affinity is not set.[m
[1;31m2026-08-01 11:48:26.144495377 [E:onnxruntime:Default, env.cc:228 ThreadMain] pthread_setaffinity_np failed for thread: 2870324, index: 49, mask: {50, }, error code: 22 error msg: Invalid argument. Specify the number of threads explicitly so the affinity is not set.[m
[1;31m2026-08-01 11:48:26.144498784 [E:onnxruntime:Default, env.cc:228 ThreadMain] pthread_setaffinity_np failed for thread: 2870293, index: 18, mask: {19, }, error code: 22 error msg: Invalid argument. Specify the number of threads explicitly so the affinity is not set.[m
[1;31m2026-08-01 11:48:26.144496409 [E:onnxruntime:Default, env.cc:228 ThreadMain] pthread_setaffinity_np failed for thread: 2870331, index: 56, mask: {57, }, error code: 22 error msg: Invalid argument. Specify the number of threads explicitly so the affinity is not set.[m
[1;31m2026-08-01 11:48:26.147902362 [E:onnxruntime:Default, env.cc:228 ThreadMain] pthread_setaffinity_np failed for thread: 2870300, index: 25, mask: {26, }, error code: 22 error msg: Invalid argument. Specify the number of threads explicitly so the affinity is not set.[m
[1;31m2026-08-01 11:48:26.147942958 [E:onnxruntime:Default, env.cc:228 ThreadMain] pthread_setaffinity_np failed for thread: 2870337, index: 62, mask: {63, }, error code: 22 error msg: Invalid argument. Specify the number of threads explicitly so the affinity is not set.[m
[1;31m2026-08-01 11:48:26.169461121 [E:onnxruntime:Default, env.cc:228 ThreadMain] pthread_setaffinity_np failed for thread: 2870336, index: 61, mask: {62, }, error code: 22 error msg: Invalid argument. Specify the number of threads explicitly so the affinity is not set.[m
[1;31m2026-08-01 11:48:26.147967143 [E:onnxruntime:Default, env.cc:228 ThreadMain] pthread_setaffinity_np failed for thread: 2870305, index: 30, mask: {31, }, error code: 22 error msg: Invalid argument. Specify the number of threads explicitly so the affinity is not set.[m
[1;31m2026-08-01 11:48:26.178284576 [E:onnxruntime:Default, env.cc:228 ThreadMain] pthread_setaffinity_np failed for thread: 2870298, index: 23, mask: {24, }, error code: 22 error msg: Invalid argument. Specify the number of threads explicitly so the affinity is not set.[m
2026-08-01 11:48:26.223 | INFO     | mineru.backend.pipeline.model_init:__init__:291 - DocAnalysis init done!
2026-08-01 11:48:26.223 | INFO     | mineru.backend.pipeline.pipeline_analyze:custom_model_init:83 - model init cost: 1.9131848812103271
Layout Predict:   0%|          | 0/12 [00:00<?, ?it/s]Layout Predict:   8%|▊         | 1/12 [00:00<00:04,  2.27it/s]Layout Predict:  17%|█▋        | 2/12 [00:00<00:04,  2.40it/s]Layout Predict:  25%|██▌       | 3/12 [00:01<00:03,  2.43it/s]Layout Predict:  33%|███▎      | 4/12 [00:01<00:03,  2.47it/s]Layout Predict:  42%|████▏     | 5/12 [00:02<00:02,  2.49it/s]Layout Predict:  50%|█████     | 6/12 [00:02<00:02,  2.44it/s]Layout Predict:  58%|█████▊    | 7/12 [00:02<00:02,  2.46it/s]Layout Predict:  67%|██████▋   | 8/12 [00:03<00:01,  2.51it/s]Layout Predict:  75%|███████▌  | 9/12 [00:03<00:01,  2.48it/s]Layout Predict:  83%|████████▎ | 10/12 [00:04<00:00,  2.48it/s]Layout Predict:  92%|█████████▏| 11/12 [00:04<00:00,  2.50it/s]Layout Predict: 100%|██████████| 12/12 [00:04<00:00,  2.44it/s]Layout Predict: 100%|██████████| 12/12 [00:04<00:00,  2.45it/s]
MFR Predict:   0%|          | 0/94 [00:00<?, ?it/s]MFR Predict:  17%|█▋        | 16/94 [00:03<00:17,  4.33it/s]MFR Predict:  34%|███▍      | 32/94 [00:07<00:13,  4.44it/s]MFR Predict:  51%|█████     | 48/94 [00:11<00:11,  3.99it/s]MFR Predict:  68%|██████▊   | 64/94 [00:16<00:07,  3.79it/s]MFR Predict: 100%|██████████| 94/94 [00:36<00:00,  2.10it/s]MFR Predict: 100%|██████████| 94/94 [00:36<00:00,  2.57it/s]
Table orientation det:   0%|          | 0/3 [00:00<?, ?it/s]Table orientation det:  33%|███▎      | 1/3 [00:00<00:00,  9.53it/s]Table orientation score: 100%|██████████| 3/3 [00:00<00:00,  9.53it/s]Table orientation score: 100%|██████████| 3/3 [00:00<00:00,  9.53it/s]Table orientation: 100%|██████████| 3/3 [00:00<00:00,  9.53it/s]      Table orientation: 100%|██████████| 3/3 [00:00<00:00,  9.53it/s]Table orientation: 100%|██████████| 3/3 [00:00<00:00, 14.70it/s]
Table-ocr det:   0%|          | 0/3 [00:00<?, ?it/s]Table-ocr det:  33%|███▎      | 1/3 [00:00<00:00,  4.05it/s]Table-ocr det: 100%|██████████| 3/3 [00:00<00:00,  9.36it/s]
Table-ocr rec ch:   0%|          | 0/242 [00:00<?, ?it/s]Table-ocr rec ch:   7%|▋         | 18/242 [00:00<00:01, 138.64it/s]Table-ocr rec ch:  15%|█▍        | 36/242 [00:00<00:01, 144.42it/s]Table-ocr rec ch:  22%|██▏       | 54/242 [00:00<00:01, 145.39it/s]Table-ocr rec ch:  30%|██▉       | 72/242 [00:00<00:01, 146.61it/s]Table-ocr rec ch:  37%|███▋      | 90/242 [00:00<00:01, 146.50it/s]Table-ocr rec ch:  45%|████▍     | 108/242 [00:00<00:00, 147.41it/s]Table-ocr rec ch:  52%|█████▏    | 126/242 [00:00<00:00, 148.60it/s]Table-ocr rec ch:  60%|█████▉    | 144/242 [00:00<00:00, 148.25it/s]Table-ocr rec ch:  67%|██████▋   | 162/242 [00:01<00:00, 149.14it/s]Table-ocr rec ch:  74%|███████▍  | 180/242 [00:01<00:00, 148.95it/s]Table-ocr rec ch:  82%|████████▏ | 198/242 [00:01<00:00, 148.39it/s]Table-ocr rec ch:  89%|████████▉ | 216/242 [00:01<00:00, 148.06it/s]Table-ocr rec ch:  97%|█████████▋| 234/242 [00:01<00:00, 146.75it/s]Table-ocr rec ch: 100%|██████████| 242/242 [00:01<00:00, 145.41it/s]
Table-wireless Predict:   0%|          | 0/3 [00:00<?, ?it/s]Table-wireless Predict: 100%|██████████| 3/3 [00:01<00:00,  1.75it/s]Table-wireless Predict: 100%|██████████| 3/3 [00:01<00:00,  1.75it/s]
Table-wired Predict:   0%|          | 0/2 [00:00<?, ?it/s]Table-wired Predict:  50%|█████     | 1/2 [00:01<00:01,  1.97s/it]Table-wired Predict: 100%|██████████| 2/2 [00:02<00:00,  1.23s/it]Table-wired Predict: 100%|██████████| 2/2 [00:02<00:00,  1.34s/it]
OCR-det ch:   0%|          | 0/104 [00:00<?, ?it/s]OCR-det ch:   3%|▎         | 3/104 [00:00<00:16,  6.28it/s]OCR-det ch:   6%|▌         | 6/104 [00:00<00:09,  9.94it/s]OCR-det ch:   8%|▊         | 8/104 [00:00<00:08, 11.44it/s]OCR-det ch:  13%|█▎        | 14/104 [00:01<00:05, 17.35it/s]OCR-det ch:  34%|███▎      | 35/104 [00:01<00:01, 43.26it/s]OCR-det ch:  41%|████▏     | 43/104 [00:01<00:01, 44.88it/s]OCR-det ch:  47%|████▋     | 49/104 [00:01<00:01, 46.51it/s]OCR-det ch:  52%|█████▏    | 54/104 [00:01<00:01, 34.36it/s]OCR-det ch:  57%|█████▋    | 59/104 [00:01<00:01, 33.97it/s]OCR-det ch:  62%|██████▎   | 65/104 [00:02<00:01, 22.91it/s]OCR-det ch:  72%|███████▏  | 75/104 [00:02<00:01, 24.04it/s]OCR-det ch:  80%|███████▉  | 83/104 [00:03<00:00, 25.15it/s]OCR-det ch:  84%|████████▎ | 87/104 [00:03<00:00, 24.31it/s]OCR-det ch:  87%|████████▋ | 90/104 [00:03<00:00, 24.82it/s]OCR-det ch:  90%|█████████ | 94/104 [00:03<00:00, 23.94it/s]OCR-det ch:  96%|█████████▌| 100/104 [00:03<00:00, 28.97it/s]OCR-det ch: 100%|██████████| 104/104 [00:03<00:00, 29.53it/s]OCR-det ch: 100%|██████████| 104/104 [00:03<00:00, 27.06it/s]
Seal Predict: 0it [00:00, ?it/s]Seal Predict: 0it [00:00, ?it/s]
Processing pages:   0%|          | 0/12 [00:00<?, ?it/s]Processing pages:  17%|█▋        | 2/12 [00:00<00:00, 10.56it/s]Processing pages:  33%|███▎      | 4/12 [00:00<00:00, 11.88it/s]Processing pages:  50%|█████     | 6/12 [00:00<00:00,  9.50it/s]Processing pages:  67%|██████▋   | 8/12 [00:00<00:00, 10.25it/s]Processing pages:  83%|████████▎ | 10/12 [00:00<00:00, 11.79it/s]Processing pages: 100%|██████████| 12/12 [00:01<00:00, 10.03it/s]
OCR-rec Predict:   0%|          | 0/1 [00:00<?, ?it/s][AOCR-rec Predict: 100%|██████████| 1/1 [00:00<00:00, 28.29it/s]
Processing pages: 100%|██████████| 12/12 [00:01<00:00,  8.37it/s]
2026-08-01 11:49:22.326 | INFO     | mineru.cli.client:run_planned_task:883 - Completed batch 1/1 | Processed 12/12 pages | 1 of 1 batch finished | task#1 [kP6X9QBF1t]
INFO:     Shutting down
INFO:     Waiting for application shutdown.
INFO:     Application shutdown complete.
INFO:     Finished server process [2869575]
[1;31m2026-08-01 11:49:29.181355159 [E:onnxruntime:Default, env.cc:228 ThreadMain] pthread_setaffinity_np failed for thread: 2871009, index: 3, mask: {4, }, error code: 22 error msg: Invalid argument. Specify the number of threads explicitly so the affinity is not set.[m
[1;31m2026-08-01 11:49:29.181301889 [E:onnxruntime:Default, env.cc:228 ThreadMain] pthread_setaffinity_np failed for thread: 2871007, index: 1, mask: {2, }, error code: 22 error msg: Invalid argument. Specify the number of threads explicitly so the affinity is not set.[m
[1;31m2026-08-01 11:49:29.181316586 [E:onnxruntime:Default, env.cc:228 ThreadMain] pthread_setaffinity_np failed for thread: 2871008, index: 2, mask: {3, }, error code: 22 error msg: Invalid argument. Specify the number of threads explicitly so the affinity is not set.[m
[1;31m2026-08-01 11:49:29.181602833 [E:onnxruntime:Default, env.cc:228 ThreadMain] pthread_setaffinity_np failed for thread: 2871011, index: 5, mask: {6, }, error code: 22 error msg: Invalid argument. Specify the number of threads explicitly so the affinity is not set.[m
[1;31m2026-08-01 11:49:29.181581342 [E:onnxruntime:Default, env.cc:228 ThreadMain] pthread_setaffinity_np failed for thread: 2871012, index: 6, mask: {7, }, error code: 22 error msg: Invalid argument. Specify the number of threads explicitly so the affinity is not set.[m
[1;31m2026-08-01 11:49:29.181547369 [E:onnxruntime:Default, env.cc:228 ThreadMain] pthread_setaffinity_np failed for thread: 2871010, index: 4, mask: {5, }, error code: 22 error msg: Invalid argument. Specify the number of threads explicitly so the affinity is not set.[m
[1;31m2026-08-01 11:49:29.181295757 [E:onnxruntime:Default, env.cc:228 ThreadMain] pthread_setaffinity_np failed for thread: 2871006, index: 0, mask: {1, }, error code: 22 error msg: Invalid argument. Specify the number of threads explicitly so the affinity is not set.[m
[1;31m2026-08-01 11:49:29.182422949 [E:onnxruntime:Default, env.cc:228 ThreadMain] pthread_setaffinity_np failed for thread: 2871024, index: 18, mask: {19, }, error code: 22 error msg: Invalid argument. Specify the number of threads explicitly so the affinity is not set.[m
[1;31m2026-08-01 11:49:29.181917152 [E:onnxruntime:Default, env.cc:228 ThreadMain] pthread_setaffinity_np failed for thread: 2871014, index: 8, mask: {9, }, error code: 22 error msg: Invalid argument. Specify the number of threads explicitly so the affinity is not set.[m
[1;31m2026-08-01 11:49:29.181921369 [E:onnxruntime:Default, env.cc:228 ThreadMain] pthread_setaffinity_np failed for thread: 2871016, index: 10, mask: {11, }, error code: 22 error msg: Invalid argument. Specify the number of threads explicitly so the affinity is not set.[m
[1;31m2026-08-01 11:49:29.181980600 [E:onnxruntime:Default, env.cc:228 ThreadMain] pthread_setaffinity_np failed for thread: 2871015, index: 9, mask: {10, }, error code: 22 error msg: Invalid argument. Specify the number of threads explicitly so the affinity is not set.[m
[1;31m2026-08-01 11:49:29.182025294 [E:onnxruntime:Default, env.cc:228 ThreadMain] pthread_setaffinity_np failed for thread: 2871018, index: 12, mask: {13, }, error code: 22 error msg: Invalid argument. Specify the number of threads explicitly so the affinity is not set.[m
[1;31m2026-08-01 11:49:29.182061162 [E:onnxruntime:Default, env.cc:228 ThreadMain] pthread_setaffinity_np failed for thread: 2871017, index: 11, mask: {12, }, error code: 22 error msg: Invalid argument. Specify the number of threads explicitly so the affinity is not set.[m
[1;31m2026-08-01 11:49:29.182756755 [E:onnxruntime:Default, env.cc:228 ThreadMain] pthread_setaffinity_np failed for thread: 2871030, index: 24, mask: {25, }, error code: 22 error msg: Invalid argument. Specify the number of threads explicitly so the affinity is not set.[m
[1;31m2026-08-01 11:49:29.182160437 [E:onnxruntime:Default, env.cc:228 ThreadMain] pthread_setaffinity_np failed for thread: 2871020, index: 14, mask: {15, }, error code: 22 error msg: Invalid argument. Specify the number of threads explicitly so the affinity is not set.[m
[1;31m2026-08-01 11:49:29.182860109 [E:onnxruntime:Default, env.cc:228 ThreadMain] pthread_setaffinity_np failed for thread: 2871032, index: 26, mask: {27, }, error code: 22 error msg: Invalid argument. Specify the number of threads explicitly so the affinity is not set.[m
[1;31m2026-08-01 11:49:29.184127343 [E:onnxruntime:Default, env.cc:228 ThreadMain] pthread_setaffinity_np failed for thread: 2871033, index: 27, mask: {28, }, error code: 22 error msg: Invalid argument. Specify the number of threads explicitly so the affinity is not set.[m
[1;31m2026-08-01 11:49:29.190473195 [E:onnxruntime:Default, env.cc:228 ThreadMain] pthread_setaffinity_np failed for thread: 2871036, index: 30, mask: {31, }, error code: 22 error msg: Invalid argument. Specify the number of threads explicitly so the affinity is not set.[m
[1;31m2026-08-01 11:49:29.182183721 [E:onnxruntime:Default, env.cc:228 ThreadMain] pthread_setaffinity_np failed for thread: 2871021, index: 15, mask: {16, }, error code: 22 error msg: Invalid argument. Specify the number of threads explicitly so the affinity is not set.[m
[1;31m2026-08-01 11:49:29.182360763 [E:onnxruntime:Default, env.cc:228 ThreadMain] pthread_setaffinity_np failed for thread: 2871022, index: 16, mask: {17, }, error code: 22 error msg: Invalid argument. Specify the number of threads explicitly so the affinity is not set.[m
[1;31m2026-08-01 11:49:29.192506656 [E:onnxruntime:Default, env.cc:228 ThreadMain] pthread_setaffinity_np failed for thread: 2871066, index: 60, mask: {61, }, error code: 22 error msg: Invalid argument. Specify the number of threads explicitly so the affinity is not set.[m
[1;31m2026-08-01 11:49:29.198199914 [E:onnxruntime:Default, env.cc:228 ThreadMain] pthread_setaffinity_np failed for thread: 2871057, index: 51, mask: {52, }, error code: 22 error msg: Invalid argument. Specify the number of threads explicitly so the affinity is not set.[m
[1;31m2026-08-01 11:49:29.193492533 [E:onnxruntime:Default, env.cc:228 ThreadMain] pthread_setaffinity_np failed for thread: 2871053, index: 47, mask: {48, }, error code: 22 error msg: Invalid argument. Specify the number of threads explicitly so the affinity is not set.[m
[1;31m2026-08-01 11:49:29.199516952 [E:onnxruntime:Default, env.cc:228 ThreadMain] pthread_setaffinity_np failed for thread: 2871067, index: 61, mask: {62, }, error code: 22 error msg: Invalid argument. Specify the number of threads explicitly so the affinity is not set.[m
[1;31m2026-08-01 11:49:29.182416387 [E:onnxruntime:Default, env.cc:228 ThreadMain] pthread_setaffinity_np failed for thread: 2871023, index: 17, mask: {18, }, error code: 22 error msg: Invalid argument. Specify the number of threads explicitly so the affinity is not set.[m
[1;31m2026-08-01 11:49:29.182491488 [E:onnxruntime:Default, env.cc:228 ThreadMain] pthread_setaffinity_np failed for thread: 2871025, index: 19, mask: {20, }, error code: 22 error msg: Invalid argument. Specify the number of threads explicitly so the affinity is not set.[m
[1;31m2026-08-01 11:49:29.201926428 [E:onnxruntime:Default, env.cc:228 ThreadMain] pthread_setaffinity_np failed for thread: 2871035, index: 29, mask: {30, }, error code: 22 error msg: Invalid argument. Specify the number of threads explicitly so the affinity is not set.[m
[1;31m2026-08-01 11:49:29.204473791 [E:onnxruntime:Default, env.cc:228 ThreadMain] pthread_setaffinity_np failed for thread: 2871059, index: 53, mask: {54, }, error code: 22 error msg: Invalid argument. Specify the number of threads explicitly so the affinity is not set.[m
[1;31m2026-08-01 11:49:29.181705585 [E:onnxruntime:Default, env.cc:228 ThreadMain] pthread_setaffinity_np failed for thread: 2871013, index: 7, mask: {8, }, error code: 22 error msg: Invalid argument. Specify the number of threads explicitly so the affinity is not set.[m
[1;31m2026-08-01 11:49:29.182532825 [E:onnxruntime:Default, env.cc:228 ThreadMain] pthread_setaffinity_np failed for thread: 2871027, index: 21, mask: {22, }, error code: 22 error msg: Invalid argument. Specify the number of threads explicitly so the affinity is not set.[m
[1;31m2026-08-01 11:49:29.182501236 [E:onnxruntime:Default, env.cc:228 ThreadMain] pthread_setaffinity_np failed for thread: 2871026, index: 20, mask: {21, }, error code: 22 error msg: Invalid argument. Specify the number of threads explicitly so the affinity is not set.[m
[1;31m2026-08-01 11:49:29.182728502 [E:onnxruntime:Default, env.cc:228 ThreadMain] pthread_setaffinity_np failed for thread: 2871029, index: 23, mask: {24, }, error code: 22 error msg: Invalid argument. Specify the number of threads explicitly so the affinity is not set.[m
[1;31m2026-08-01 11:49:29.182114602 [E:onnxruntime:Default, env.cc:228 ThreadMain] pthread_setaffinity_np failed for thread: 2871019, index: 13, mask: {14, }, error code: 22 error msg: Invalid argument. Specify the number of threads explicitly so the affinity is not set.[m
[1;31m2026-08-01 11:49:29.209465495 [E:onnxruntime:Default, env.cc:228 ThreadMain] pthread_setaffinity_np failed for thread: 2871054, index: 48, mask: {49, }, error code: 22 error msg: Invalid argument. Specify the number of threads explicitly so the affinity is not set.[m
[1;31m2026-08-01 11:49:29.211930344 [E:onnxruntime:Default, env.cc:228 ThreadMain] pthread_setaffinity_np failed for thread: 2871034, index: 28, mask: {29, }, error code: 22 error msg: Invalid argument. Specify the number of threads explicitly so the affinity is not set.[m
[1;31m2026-08-01 11:49:29.213471813 [E:onnxruntime:Default, env.cc:228 ThreadMain] pthread_setaffinity_np failed for thread: 2871063, index: 57, mask: {58, }, error code: 22 error msg: Invalid argument. Specify the number of threads explicitly so the affinity is not set.[m
[1;31m2026-08-01 11:49:29.182554336 [E:onnxruntime:Default, env.cc:228 ThreadMain] pthread_setaffinity_np failed for thread: 2871028, index: 22, mask: {23, }, error code: 22 error msg: Invalid argument. Specify the number of threads explicitly so the affinity is not set.[m
[1;31m2026-08-01 11:49:29.192496897 [E:onnxruntime:Default, env.cc:228 ThreadMain] pthread_setaffinity_np failed for thread: 2871064, index: 58, mask: {59, }, error code: 22 error msg: Invalid argument. Specify the number of threads explicitly so the affinity is not set.[m
[1;31m2026-08-01 11:49:29.214506371 [E:onnxruntime:Default, env.cc:228 ThreadMain] pthread_setaffinity_np failed for thread: 2871060, index: 54, mask: {55, }, error code: 22 error msg: Invalid argument. Specify the number of threads explicitly so the affinity is not set.[m
[1;31m2026-08-01 11:49:29.217908286 [E:onnxruntime:Default, env.cc:228 ThreadMain] pthread_setaffinity_np failed for thread: 2871056, index: 50, mask: {51, }, error code: 22 error msg: Invalid argument. Specify the number of threads explicitly so the affinity is not set.[m
[1;31m2026-08-01 11:49:29.182790799 [E:onnxruntime:Default, env.cc:228 ThreadMain] pthread_setaffinity_np failed for thread: 2871031, index: 25, mask: {26, }, error code: 22 error msg: Invalid argument. Specify the number of threads explicitly so the affinity is not set.[m
[1;31m2026-08-01 11:49:29.214474612 [E:onnxruntime:Default, env.cc:228 ThreadMain] pthread_setaffinity_np failed for thread: 2871058, index: 52, mask: {53, }, error code: 22 error msg: Invalid argument. Specify the number of threads explicitly so the affinity is not set.[m
[1;31m2026-08-01 11:49:29.199508677 [E:onnxruntime:Default, env.cc:228 ThreadMain] pthread_setaffinity_np failed for thread: 2871055, index: 49, mask: {50, }, error code: 22 error msg: Invalid argument. Specify the number of threads explicitly so the affinity is not set.[m
[1;31m2026-08-01 11:49:29.199513626 [E:onnxruntime:Default, env.cc:228 ThreadMain] pthread_setaffinity_np failed for thread: 2871061, index: 55, mask: {56, }, error code: 22 error msg: Invalid argument. Specify the number of threads explicitly so the affinity is not set.[m
[1;31m2026-08-01 11:49:29.237362272 [E:onnxruntime:Default, env.cc:228 ThreadMain] pthread_setaffinity_np failed for thread: 2871068, index: 62, mask: {63, }, error code: 22 error msg: Invalid argument. Specify the number of threads explicitly so the affinity is not set.[m
[1;31m2026-08-01 11:49:29.241918550 [E:onnxruntime:Default, env.cc:228 ThreadMain] pthread_setaffinity_np failed for thread: 2871065, index: 59, mask: {60, }, error code: 22 error msg: Invalid argument. Specify the number of threads explicitly so the affinity is not set.[m
[1;31m2026-08-01 11:49:29.267896680 [E:onnxruntime:Default, env.cc:228 ThreadMain] pthread_setaffinity_np failed for thread: 2871062, index: 56, mask: {57, }, error code: 22 error msg: Invalid argument. Specify the number of threads explicitly so the affinity is not set.[m
--- [iclr2024_pediatric_hypoglycemia] mineru exit=0 (11:49:38) ---
iclr2024_pediatric_hypoglycemia/01_parse/kP6X9QBF1t/auto/kP6X9QBF1t_content_list.json
iclr2024_pediatric_hypoglycemia/01_parse/kP6X9QBF1t/auto/kP6X9QBF1t.md
=== end=Sat Aug  1 11:49:39 CDT 2026 ===
