[1;31m2026-07-31 11:35:03.146776856 [E:onnxruntime:Default, env.cc:228 ThreadMain] pthread_setaffinity_np failed for thread: 1025149, index: 46, mask: {47, }, error code: 22 error msg: Invalid argument. Specify the number of threads explicitly so the affinity is not set.[m
[1;31m2026-07-31 11:35:03.145546434 [E:onnxruntime:Default, env.cc:228 ThreadMain] pthread_setaffinity_np failed for thread: 1025128, index: 25, mask: {26, }, error code: 22 error msg: Invalid argument. Specify the number of threads explicitly so the affinity is not set.[m
[1;31m2026-07-31 11:35:03.145853959 [E:onnxruntime:Default, env.cc:228 ThreadMain] pthread_setaffinity_np failed for thread: 1025134, index: 31, mask: {32, }, error code: 22 error msg: Invalid argument. Specify the number of threads explicitly so the affinity is not set.[m
[1;31m2026-07-31 11:35:03.145687327 [E:onnxruntime:Default, env.cc:228 ThreadMain] pthread_setaffinity_np failed for thread: 1025133, index: 30, mask: {31, }, error code: 22 error msg: Invalid argument. Specify the number of threads explicitly so the affinity is not set.[m
[1;31m2026-07-31 11:35:03.144868606 [E:onnxruntime:Default, env.cc:228 ThreadMain] pthread_setaffinity_np failed for thread: 1025117, index: 14, mask: {15, }, error code: 22 error msg: Invalid argument. Specify the number of threads explicitly so the affinity is not set.[m
[1;31m2026-07-31 11:35:03.147434816 [E:onnxruntime:Default, env.cc:228 ThreadMain] pthread_setaffinity_np failed for thread: 1025162, index: 59, mask: {60, }, error code: 22 error msg: Invalid argument. Specify the number of threads explicitly so the affinity is not set.[m
[1;31m2026-07-31 11:35:03.144930982 [E:onnxruntime:Default, env.cc:228 ThreadMain] pthread_setaffinity_np failed for thread: 1025118, index: 15, mask: {16, }, error code: 22 error msg: Invalid argument. Specify the number of threads explicitly so the affinity is not set.[m
[1;31m2026-07-31 11:35:03.146310864 [E:onnxruntime:Default, env.cc:228 ThreadMain] pthread_setaffinity_np failed for thread: 1025142, index: 39, mask: {40, }, error code: 22 error msg: Invalid argument. Specify the number of threads explicitly so the affinity is not set.[m
[1;31m2026-07-31 11:35:03.145887782 [E:onnxruntime:Default, env.cc:228 ThreadMain] pthread_setaffinity_np failed for thread: 1025135, index: 32, mask: {33, }, error code: 22 error msg: Invalid argument. Specify the number of threads explicitly so the affinity is not set.[m
[1;31m2026-07-31 11:35:03.147159341 [E:onnxruntime:Default, env.cc:228 ThreadMain] pthread_setaffinity_np failed for thread: 1025158, index: 55, mask: {56, }, error code: 22 error msg: Invalid argument. Specify the number of threads explicitly so the affinity is not set.[m
[1;31m2026-07-31 11:35:03.147193605 [E:onnxruntime:Default, env.cc:228 ThreadMain] pthread_setaffinity_np failed for thread: 1025159, index: 56, mask: {57, }, error code: 22 error msg: Invalid argument. Specify the number of threads explicitly so the affinity is not set.[m
[1;31m2026-07-31 11:35:03.145200166 [E:onnxruntime:Default, env.cc:228 ThreadMain] pthread_setaffinity_np failed for thread: 1025123, index: 20, mask: {21, }, error code: 22 error msg: Invalid argument. Specify the number of threads explicitly so the affinity is not set.[m
[1;31m2026-07-31 11:35:03.145976127 [E:onnxruntime:Default, env.cc:228 ThreadMain] pthread_setaffinity_np failed for thread: 1025138, index: 35, mask: {36, }, error code: 22 error msg: Invalid argument. Specify the number of threads explicitly so the affinity is not set.[m
[1;31m2026-07-31 11:35:03.145162265 [E:onnxruntime:Default, env.cc:228 ThreadMain] pthread_setaffinity_np failed for thread: 1025122, index: 19, mask: {20, }, error code: 22 error msg: Invalid argument. Specify the number of threads explicitly so the affinity is not set.[m
[1;31m2026-07-31 11:35:03.147230875 [E:onnxruntime:Default, env.cc:228 ThreadMain] pthread_setaffinity_np failed for thread: 1025160, index: 57, mask: {58, }, error code: 22 error msg: Invalid argument. Specify the number of threads explicitly so the affinity is not set.[m
[1;31m2026-07-31 11:35:03.145308779 [E:onnxruntime:Default, env.cc:228 ThreadMain] pthread_setaffinity_np failed for thread: 1025126, index: 23, mask: {24, }, error code: 22 error msg: Invalid argument. Specify the number of threads explicitly so the affinity is not set.[m
[1;31m2026-07-31 11:35:03.146028606 [E:onnxruntime:Default, env.cc:228 ThreadMain] pthread_setaffinity_np failed for thread: 1025139, index: 36, mask: {37, }, error code: 22 error msg: Invalid argument. Specify the number of threads explicitly so the affinity is not set.[m
[1;31m2026-07-31 11:35:03.146256732 [E:onnxruntime:Default, env.cc:228 ThreadMain] pthread_setaffinity_np failed for thread: 1025143, index: 40, mask: {41, }, error code: 22 error msg: Invalid argument. Specify the number of threads explicitly so the affinity is not set.[m
[1;31m2026-07-31 11:35:03.146048834 [E:onnxruntime:Default, env.cc:228 ThreadMain] pthread_setaffinity_np failed for thread: 1025140, index: 37, mask: {38, }, error code: 22 error msg: Invalid argument. Specify the number of threads explicitly so the affinity is not set.[m
[1;31m2026-07-31 11:35:03.145953705 [E:onnxruntime:Default, env.cc:228 ThreadMain] pthread_setaffinity_np failed for thread: 1025137, index: 34, mask: {35, }, error code: 22 error msg: Invalid argument. Specify the number of threads explicitly so the affinity is not set.[m
[1;31m2026-07-31 11:35:03.146397876 [E:onnxruntime:Default, env.cc:228 ThreadMain] pthread_setaffinity_np failed for thread: 1025144, index: 41, mask: {42, }, error code: 22 error msg: Invalid argument. Specify the number of threads explicitly so the affinity is not set.[m
[1;31m2026-07-31 11:35:03.146361027 [E:onnxruntime:Default, env.cc:228 ThreadMain] pthread_setaffinity_np failed for thread: 1025146, index: 43, mask: {44, }, error code: 22 error msg: Invalid argument. Specify the number of threads explicitly so the affinity is not set.[m
[1;31m2026-07-31 11:35:03.144952332 [E:onnxruntime:Default, env.cc:228 ThreadMain] pthread_setaffinity_np failed for thread: 1025119, index: 16, mask: {17, }, error code: 22 error msg: Invalid argument. Specify the number of threads explicitly so the affinity is not set.[m
[1;31m2026-07-31 11:35:03.145268353 [E:onnxruntime:Default, env.cc:228 ThreadMain] pthread_setaffinity_np failed for thread: 1025125, index: 22, mask: {23, }, error code: 22 error msg: Invalid argument. Specify the number of threads explicitly so the affinity is not set.[m
[1;31m2026-07-31 11:35:03.145104697 [E:onnxruntime:Default, env.cc:228 ThreadMain] pthread_setaffinity_np failed for thread: 1025120, index: 17, mask: {18, }, error code: 22 error msg: Invalid argument. Specify the number of threads explicitly so the affinity is not set.[m
[1;31m2026-07-31 11:35:03.146206689 [E:onnxruntime:Default, env.cc:228 ThreadMain] pthread_setaffinity_np failed for thread: 1025141, index: 38, mask: {39, }, error code: 22 error msg: Invalid argument. Specify the number of threads explicitly so the affinity is not set.[m
[1;31m2026-07-31 11:35:03.144408795 [E:onnxruntime:Default, env.cc:228 ThreadMain] pthread_setaffinity_np failed for thread: 1025108, index: 5, mask: {6, }, error code: 22 error msg: Invalid argument. Specify the number of threads explicitly so the affinity is not set.[m
[1;31m2026-07-31 11:35:03.143994440 [E:onnxruntime:Default, env.cc:228 ThreadMain] pthread_setaffinity_np failed for thread: 1025103, index: 0, mask: {1, }, error code: 22 error msg: Invalid argument. Specify the number of threads explicitly so the affinity is not set.[m
[1;31m2026-07-31 11:35:03.144414165 [E:onnxruntime:Default, env.cc:228 ThreadMain] pthread_setaffinity_np failed for thread: 1025106, index: 3, mask: {4, }, error code: 22 error msg: Invalid argument. Specify the number of threads explicitly so the affinity is not set.[m
[1;31m2026-07-31 11:35:03.145603841 [E:onnxruntime:Default, env.cc:228 ThreadMain] pthread_setaffinity_np failed for thread: 1025130, index: 27, mask: {28, }, error code: 22 error msg: Invalid argument. Specify the number of threads explicitly so the affinity is not set.[m
[1;31m2026-07-31 11:35:03.144479237 [E:onnxruntime:Default, env.cc:228 ThreadMain] pthread_setaffinity_np failed for thread: 1025110, index: 7, mask: {8, }, error code: 22 error msg: Invalid argument. Specify the number of threads explicitly so the affinity is not set.[m
[1;31m2026-07-31 11:35:03.145623327 [E:onnxruntime:Default, env.cc:228 ThreadMain] pthread_setaffinity_np failed for thread: 1025131, index: 28, mask: {29, }, error code: 22 error msg: Invalid argument. Specify the number of threads explicitly so the affinity is not set.[m
[1;31m2026-07-31 11:35:03.144854228 [E:onnxruntime:Default, env.cc:228 ThreadMain] pthread_setaffinity_np failed for thread: 1025116, index: 13, mask: {14, }, error code: 22 error msg: Invalid argument. Specify the number of threads explicitly so the affinity is not set.[m
[1;31m2026-07-31 11:35:03.145658633 [E:onnxruntime:Default, env.cc:228 ThreadMain] pthread_setaffinity_np failed for thread: 1025132, index: 29, mask: {30, }, error code: 22 error msg: Invalid argument. Specify the number of threads explicitly so the affinity is not set.[m
[1;31m2026-07-31 11:35:03.145921936 [E:onnxruntime:Default, env.cc:228 ThreadMain] pthread_setaffinity_np failed for thread: 1025136, index: 33, mask: {34, }, error code: 22 error msg: Invalid argument. Specify the number of threads explicitly so the affinity is not set.[m
[1;31m2026-07-31 11:35:03.144473987 [E:onnxruntime:Default, env.cc:228 ThreadMain] pthread_setaffinity_np failed for thread: 1025109, index: 6, mask: {7, }, error code: 22 error msg: Invalid argument. Specify the number of threads explicitly so the affinity is not set.[m
[1;31m2026-07-31 11:35:03.145568224 [E:onnxruntime:Default, env.cc:228 ThreadMain] pthread_setaffinity_np failed for thread: 1025129, index: 26, mask: {27, }, error code: 22 error msg: Invalid argument. Specify the number of threads explicitly so the affinity is not set.[m
[1;31m2026-07-31 11:35:03.146429466 [E:onnxruntime:Default, env.cc:228 ThreadMain] pthread_setaffinity_np failed for thread: 1025145, index: 42, mask: {43, }, error code: 22 error msg: Invalid argument. Specify the number of threads explicitly so the affinity is not set.[m
[1;31m2026-07-31 11:35:03.145130696 [E:onnxruntime:Default, env.cc:228 ThreadMain] pthread_setaffinity_np failed for thread: 1025121, index: 18, mask: {19, }, error code: 22 error msg: Invalid argument. Specify the number of threads explicitly so the affinity is not set.[m
[1;31m2026-07-31 11:35:03.145472155 [E:onnxruntime:Default, env.cc:228 ThreadMain] pthread_setaffinity_np failed for thread: 1025127, index: 24, mask: {25, }, error code: 22 error msg: Invalid argument. Specify the number of threads explicitly so the affinity is not set.[m
[1;31m2026-07-31 11:35:03.144737049 [E:onnxruntime:Default, env.cc:228 ThreadMain] pthread_setaffinity_np failed for thread: 1025113, index: 10, mask: {11, }, error code: 22 error msg: Invalid argument. Specify the number of threads explicitly so the affinity is not set.[m
[1;31m2026-07-31 11:35:03.144320260 [E:onnxruntime:Default, env.cc:228 ThreadMain] pthread_setaffinity_np failed for thread: 1025105, index: 2, mask: {3, }, error code: 22 error msg: Invalid argument. Specify the number of threads explicitly so the affinity is not set.[m
[1;31m2026-07-31 11:35:03.146745076 [E:onnxruntime:Default, env.cc:228 ThreadMain] pthread_setaffinity_np failed for thread: 1025148, index: 45, mask: {46, }, error code: 22 error msg: Invalid argument. Specify the number of threads explicitly so the affinity is not set.[m
[1;31m2026-07-31 11:35:03.144083487 [E:onnxruntime:Default, env.cc:228 ThreadMain] pthread_setaffinity_np failed for thread: 1025104, index: 1, mask: {2, }, error code: 22 error msg: Invalid argument. Specify the number of threads explicitly so the affinity is not set.[m
[1;31m2026-07-31 11:35:03.147274126 [E:onnxruntime:Default, env.cc:228 ThreadMain] pthread_setaffinity_np failed for thread: 1025161, index: 58, mask: {59, }, error code: 22 error msg: Invalid argument. Specify the number of threads explicitly so the affinity is not set.[m
[1;31m2026-07-31 11:35:03.146459732 [E:onnxruntime:Default, env.cc:228 ThreadMain] pthread_setaffinity_np failed for thread: 1025147, index: 44, mask: {45, }, error code: 22 error msg: Invalid argument. Specify the number of threads explicitly so the affinity is not set.[m
[1;31m2026-07-31 11:35:03.147479019 [E:onnxruntime:Default, env.cc:228 ThreadMain] pthread_setaffinity_np failed for thread: 1025163, index: 60, mask: {61, }, error code: 22 error msg: Invalid argument. Specify the number of threads explicitly so the affinity is not set.[m
[1;31m2026-07-31 11:35:03.144567723 [E:onnxruntime:Default, env.cc:228 ThreadMain] pthread_setaffinity_np failed for thread: 1025112, index: 9, mask: {10, }, error code: 22 error msg: Invalid argument. Specify the number of threads explicitly so the affinity is not set.[m
[1;31m2026-07-31 11:35:03.145232777 [E:onnxruntime:Default, env.cc:228 ThreadMain] pthread_setaffinity_np failed for thread: 1025124, index: 21, mask: {22, }, error code: 22 error msg: Invalid argument. Specify the number of threads explicitly so the affinity is not set.[m
[1;31m2026-07-31 11:35:03.144802572 [E:onnxruntime:Default, env.cc:228 ThreadMain] pthread_setaffinity_np failed for thread: 1025115, index: 12, mask: {13, }, error code: 22 error msg: Invalid argument. Specify the number of threads explicitly so the affinity is not set.[m
[1;31m2026-07-31 11:35:03.144537747 [E:onnxruntime:Default, env.cc:228 ThreadMain] pthread_setaffinity_np failed for thread: 1025111, index: 8, mask: {9, }, error code: 22 error msg: Invalid argument. Specify the number of threads explicitly so the affinity is not set.[m
[1;31m2026-07-31 11:35:03.144289502 [E:onnxruntime:Default, env.cc:228 ThreadMain] pthread_setaffinity_np failed for thread: 1025107, index: 4, mask: {5, }, error code: 22 error msg: Invalid argument. Specify the number of threads explicitly so the affinity is not set.[m
[1;31m2026-07-31 11:35:03.144764731 [E:onnxruntime:Default, env.cc:228 ThreadMain] pthread_setaffinity_np failed for thread: 1025114, index: 11, mask: {12, }, error code: 22 error msg: Invalid argument. Specify the number of threads explicitly so the affinity is not set.[m
[1;31m2026-07-31 11:35:03.147515868 [E:onnxruntime:Default, env.cc:228 ThreadMain] pthread_setaffinity_np failed for thread: 1025164, index: 61, mask: {62, }, error code: 22 error msg: Invalid argument. Specify the number of threads explicitly so the affinity is not set.[m
[1;31m2026-07-31 11:35:03.147551174 [E:onnxruntime:Default, env.cc:228 ThreadMain] pthread_setaffinity_np failed for thread: 1025165, index: 62, mask: {63, }, error code: 22 error msg: Invalid argument. Specify the number of threads explicitly so the affinity is not set.[m
2026-07-31 11:37:06.733 | INFO     | mineru.cli.client:run_orchestrated_cli:953 - Started local mineru-api at http://127.0.0.1:37161
[1;31m2026-07-31 11:37:10.282749761 [E:onnxruntime:Default, env.cc:228 ThreadMain] pthread_setaffinity_np failed for thread: 1025967, index: 0, mask: {1, }, error code: 22 error msg: Invalid argument. Specify the number of threads explicitly so the affinity is not set.[m
[1;31m2026-07-31 11:37:10.282744622 [E:onnxruntime:Default, env.cc:228 ThreadMain] pthread_setaffinity_np failed for thread: 1025968, index: 1, mask: {2, }, error code: 22 error msg: Invalid argument. Specify the number of threads explicitly so the affinity is not set.[m
[1;31m2026-07-31 11:37:10.282915431 [E:onnxruntime:Default, env.cc:228 ThreadMain] pthread_setaffinity_np failed for thread: 1025971, index: 4, mask: {5, }, error code: 22 error msg: Invalid argument. Specify the number of threads explicitly so the affinity is not set.[m
[1;31m2026-07-31 11:37:10.282849218 [E:onnxruntime:Default, env.cc:228 ThreadMain] pthread_setaffinity_np failed for thread: 1025969, index: 2, mask: {3, }, error code: 22 error msg: Invalid argument. Specify the number of threads explicitly so the affinity is not set.[m
[1;31m2026-07-31 11:37:10.283033362 [E:onnxruntime:Default, env.cc:228 ThreadMain] pthread_setaffinity_np failed for thread: 1025975, index: 8, mask: {9, }, error code: 22 error msg: Invalid argument. Specify the number of threads explicitly so the affinity is not set.[m
[1;31m2026-07-31 11:37:10.282812749 [E:onnxruntime:Default, env.cc:228 ThreadMain] pthread_setaffinity_np failed for thread: 1025970, index: 3, mask: {4, }, error code: 22 error msg: Invalid argument. Specify the number of threads explicitly so the affinity is not set.[m
[1;31m2026-07-31 11:37:10.283136004 [E:onnxruntime:Default, env.cc:228 ThreadMain] pthread_setaffinity_np failed for thread: 1025979, index: 12, mask: {13, }, error code: 22 error msg: Invalid argument. Specify the number of threads explicitly so the affinity is not set.[m
[1;31m2026-07-31 11:37:10.282979772 [E:onnxruntime:Default, env.cc:228 ThreadMain] pthread_setaffinity_np failed for thread: 1025973, index: 6, mask: {7, }, error code: 22 error msg: Invalid argument. Specify the number of threads explicitly so the affinity is not set.[m
[1;31m2026-07-31 11:37:10.282998407 [E:onnxruntime:Default, env.cc:228 ThreadMain] pthread_setaffinity_np failed for thread: 1025974, index: 7, mask: {8, }, error code: 22 error msg: Invalid argument. Specify the number of threads explicitly so the affinity is not set.[m
[1;31m2026-07-31 11:37:10.284531966 [E:onnxruntime:Default, env.cc:228 ThreadMain] pthread_setaffinity_np failed for thread: 1025982, index: 15, mask: {16, }, error code: 22 error msg: Invalid argument. Specify the number of threads explicitly so the affinity is not set.[m
[1;31m2026-07-31 11:37:10.294461382 [E:onnxruntime:Default, env.cc:228 ThreadMain] pthread_setaffinity_np failed for thread: 1026022, index: 55, mask: {56, }, error code: 22 error msg: Invalid argument. Specify the number of threads explicitly so the affinity is not set.[m
[1;31m2026-07-31 11:37:10.283050314 [E:onnxruntime:Default, env.cc:228 ThreadMain] pthread_setaffinity_np failed for thread: 1025976, index: 9, mask: {10, }, error code: 22 error msg: Invalid argument. Specify the number of threads explicitly so the affinity is not set.[m
[1;31m2026-07-31 11:37:10.283074760 [E:onnxruntime:Default, env.cc:228 ThreadMain] pthread_setaffinity_np failed for thread: 1025977, index: 10, mask: {11, }, error code: 22 error msg: Invalid argument. Specify the number of threads explicitly so the affinity is not set.[m
[1;31m2026-07-31 11:37:10.283097011 [E:onnxruntime:Default, env.cc:228 ThreadMain] pthread_setaffinity_np failed for thread: 1025978, index: 11, mask: {12, }, error code: 22 error msg: Invalid argument. Specify the number of threads explicitly so the affinity is not set.[m
[1;31m2026-07-31 11:37:10.282935529 [E:onnxruntime:Default, env.cc:228 ThreadMain] pthread_setaffinity_np failed for thread: 1025972, index: 5, mask: {6, }, error code: 22 error msg: Invalid argument. Specify the number of threads explicitly so the affinity is not set.[m
[1;31m2026-07-31 11:37:10.296054743 [E:onnxruntime:Default, env.cc:228 ThreadMain] pthread_setaffinity_np failed for thread: 1026009, index: 42, mask: {43, }, error code: 22 error msg: Invalid argument. Specify the number of threads explicitly so the affinity is not set.[m
[1;31m2026-07-31 11:37:10.296298599 [E:onnxruntime:Default, env.cc:228 ThreadMain] pthread_setaffinity_np failed for thread: 1026023, index: 56, mask: {57, }, error code: 22 error msg: Invalid argument. Specify the number of threads explicitly so the affinity is not set.[m
[1;31m2026-07-31 11:37:10.296527577 [E:onnxruntime:Default, env.cc:228 ThreadMain] pthread_setaffinity_np failed for thread: 1026010, index: 43, mask: {44, }, error code: 22 error msg: Invalid argument. Specify the number of threads explicitly so the affinity is not set.[m
[1;31m2026-07-31 11:37:10.296582530 [E:onnxruntime:Default, env.cc:228 ThreadMain] pthread_setaffinity_np failed for thread: 1026028, index: 61, mask: {62, }, error code: 22 error msg: Invalid argument. Specify the number of threads explicitly so the affinity is not set.[m
[1;31m2026-07-31 11:37:10.283195095 [E:onnxruntime:Default, env.cc:228 ThreadMain] pthread_setaffinity_np failed for thread: 1025981, index: 14, mask: {15, }, error code: 22 error msg: Invalid argument. Specify the number of threads explicitly so the affinity is not set.[m
[1;31m2026-07-31 11:37:10.297573985 [E:onnxruntime:Default, env.cc:228 ThreadMain] pthread_setaffinity_np failed for thread: 1025997, index: 30, mask: {31, }, error code: 22 error msg: Invalid argument. Specify the number of threads explicitly so the affinity is not set.[m
[1;31m2026-07-31 11:37:10.298410650 [E:onnxruntime:Default, env.cc:228 ThreadMain] pthread_setaffinity_np failed for thread: 1025991, index: 24, mask: {25, }, error code: 22 error msg: Invalid argument. Specify the number of threads explicitly so the affinity is not set.[m
[1;31m2026-07-31 11:37:10.301517873 [E:onnxruntime:Default, env.cc:228 ThreadMain] pthread_setaffinity_np failed for thread: 1026029, index: 62, mask: {63, }, error code: 22 error msg: Invalid argument. Specify the number of threads explicitly so the affinity is not set.[m
[1;31m2026-07-31 11:37:10.296595915 [E:onnxruntime:Default, env.cc:228 ThreadMain] pthread_setaffinity_np failed for thread: 1026013, index: 46, mask: {47, }, error code: 22 error msg: Invalid argument. Specify the number of threads explicitly so the affinity is not set.[m
[1;31m2026-07-31 11:37:10.305510723 [E:onnxruntime:Default, env.cc:228 ThreadMain] pthread_setaffinity_np failed for thread: 1026001, index: 34, mask: {35, }, error code: 22 error msg: Invalid argument. Specify the number of threads explicitly so the affinity is not set.[m
[1;31m2026-07-31 11:37:10.283157244 [E:onnxruntime:Default, env.cc:228 ThreadMain] pthread_setaffinity_np failed for thread: 1025980, index: 13, mask: {14, }, error code: 22 error msg: Invalid argument. Specify the number of threads explicitly so the affinity is not set.[m
[1;31m2026-07-31 11:37:10.315517494 [E:onnxruntime:Default, env.cc:228 ThreadMain] pthread_setaffinity_np failed for thread: 1025992, index: 25, mask: {26, }, error code: 22 error msg: Invalid argument. Specify the number of threads explicitly so the affinity is not set.[m
[1;31m2026-07-31 11:37:10.316292965 [E:onnxruntime:Default, env.cc:228 ThreadMain] pthread_setaffinity_np failed for thread: 1026000, index: 33, mask: {34, }, error code: 22 error msg: Invalid argument. Specify the number of threads explicitly so the affinity is not set.[m
[1;31m2026-07-31 11:37:10.296566921 [E:onnxruntime:Default, env.cc:228 ThreadMain] pthread_setaffinity_np failed for thread: 1026011, index: 44, mask: {45, }, error code: 22 error msg: Invalid argument. Specify the number of threads explicitly so the affinity is not set.[m
[1;31m2026-07-31 11:37:10.323514365 [E:onnxruntime:Default, env.cc:228 ThreadMain] pthread_setaffinity_np failed for thread: 1025985, index: 18, mask: {19, }, error code: 22 error msg: Invalid argument. Specify the number of threads explicitly so the affinity is not set.[m
[1;31m2026-07-31 11:37:10.326028288 [E:onnxruntime:Default, env.cc:228 ThreadMain] pthread_setaffinity_np failed for thread: 1026004, index: 37, mask: {38, }, error code: 22 error msg: Invalid argument. Specify the number of threads explicitly so the affinity is not set.[m
[1;31m2026-07-31 11:37:10.326294597 [E:onnxruntime:Default, env.cc:228 ThreadMain] pthread_setaffinity_np failed for thread: 1025990, index: 23, mask: {24, }, error code: 22 error msg: Invalid argument. Specify the number of threads explicitly so the affinity is not set.[m
[1;31m2026-07-31 11:37:10.329522976 [E:onnxruntime:Default, env.cc:228 ThreadMain] pthread_setaffinity_np failed for thread: 1026007, index: 40, mask: {41, }, error code: 22 error msg: Invalid argument. Specify the number of threads explicitly so the affinity is not set.[m
[1;31m2026-07-31 11:37:10.330517146 [E:onnxruntime:Default, env.cc:228 ThreadMain] pthread_setaffinity_np failed for thread: 1025996, index: 29, mask: {30, }, error code: 22 error msg: Invalid argument. Specify the number of threads explicitly so the affinity is not set.[m
[1;31m2026-07-31 11:37:10.332522067 [E:onnxruntime:Default, env.cc:228 ThreadMain] pthread_setaffinity_np failed for thread: 1026005, index: 38, mask: {39, }, error code: 22 error msg: Invalid argument. Specify the number of threads explicitly so the affinity is not set.[m
[1;31m2026-07-31 11:37:10.333537246 [E:onnxruntime:Default, env.cc:228 ThreadMain] pthread_setaffinity_np failed for thread: 1026008, index: 41, mask: {42, }, error code: 22 error msg: Invalid argument. Specify the number of threads explicitly so the affinity is not set.[m
[1;31m2026-07-31 11:37:10.336023367 [E:onnxruntime:Default, env.cc:228 ThreadMain] pthread_setaffinity_np failed for thread: 1026006, index: 39, mask: {40, }, error code: 22 error msg: Invalid argument. Specify the number of threads explicitly so the affinity is not set.[m
[1;31m2026-07-31 11:37:10.315503128 [E:onnxruntime:Default, env.cc:228 ThreadMain] pthread_setaffinity_np failed for thread: 1026002, index: 35, mask: {36, }, error code: 22 error msg: Invalid argument. Specify the number of threads explicitly so the affinity is not set.[m
[1;31m2026-07-31 11:37:10.296548056 [E:onnxruntime:Default, env.cc:228 ThreadMain] pthread_setaffinity_np failed for thread: 1026024, index: 57, mask: {58, }, error code: 22 error msg: Invalid argument. Specify the number of threads explicitly so the affinity is not set.[m
[1;31m2026-07-31 11:37:10.350573368 [E:onnxruntime:Default, env.cc:228 ThreadMain] pthread_setaffinity_np failed for thread: 1026025, index: 58, mask: {59, }, error code: 22 error msg: Invalid argument. Specify the number of threads explicitly so the affinity is not set.[m
[1;31m2026-07-31 11:37:10.355271608 [E:onnxruntime:Default, env.cc:228 ThreadMain] pthread_setaffinity_np failed for thread: 1025999, index: 32, mask: {33, }, error code: 22 error msg: Invalid argument. Specify the number of threads explicitly so the affinity is not set.[m
[1;31m2026-07-31 11:37:10.355513661 [E:onnxruntime:Default, env.cc:228 ThreadMain] pthread_setaffinity_np failed for thread: 1025984, index: 17, mask: {18, }, error code: 22 error msg: Invalid argument. Specify the number of threads explicitly so the affinity is not set.[m
[1;31m2026-07-31 11:37:10.323502944 [E:onnxruntime:Default, env.cc:228 ThreadMain] pthread_setaffinity_np failed for thread: 1026012, index: 45, mask: {46, }, error code: 22 error msg: Invalid argument. Specify the number of threads explicitly so the affinity is not set.[m
[1;31m2026-07-31 11:37:10.350520389 [E:onnxruntime:Default, env.cc:228 ThreadMain] pthread_setaffinity_np failed for thread: 1025994, index: 27, mask: {28, }, error code: 22 error msg: Invalid argument. Specify the number of threads explicitly so the affinity is not set.[m
[1;31m2026-07-31 11:37:10.332516026 [E:onnxruntime:Default, env.cc:228 ThreadMain] pthread_setaffinity_np failed for thread: 1026003, index: 36, mask: {37, }, error code: 22 error msg: Invalid argument. Specify the number of threads explicitly so the affinity is not set.[m
[1;31m2026-07-31 11:37:10.369525174 [E:onnxruntime:Default, env.cc:228 ThreadMain] pthread_setaffinity_np failed for thread: 1025995, index: 28, mask: {29, }, error code: 22 error msg: Invalid argument. Specify the number of threads explicitly so the affinity is not set.[m
[1;31m2026-07-31 11:37:10.373518134 [E:onnxruntime:Default, env.cc:228 ThreadMain] pthread_setaffinity_np failed for thread: 1025986, index: 19, mask: {20, }, error code: 22 error msg: Invalid argument. Specify the number of threads explicitly so the affinity is not set.[m
[1;31m2026-07-31 11:37:10.350568278 [E:onnxruntime:Default, env.cc:228 ThreadMain] pthread_setaffinity_np failed for thread: 1025988, index: 21, mask: {22, }, error code: 22 error msg: Invalid argument. Specify the number of threads explicitly so the affinity is not set.[m
[1;31m2026-07-31 11:37:10.350539334 [E:onnxruntime:Default, env.cc:228 ThreadMain] pthread_setaffinity_np failed for thread: 1026027, index: 60, mask: {61, }, error code: 22 error msg: Invalid argument. Specify the number of threads explicitly so the affinity is not set.[m
[1;31m2026-07-31 11:37:10.375175424 [E:onnxruntime:Default, env.cc:228 ThreadMain] pthread_setaffinity_np failed for thread: 1025989, index: 22, mask: {23, }, error code: 22 error msg: Invalid argument. Specify the number of threads explicitly so the affinity is not set.[m
[1;31m2026-07-31 11:37:10.359533962 [E:onnxruntime:Default, env.cc:228 ThreadMain] pthread_setaffinity_np failed for thread: 1026026, index: 59, mask: {60, }, error code: 22 error msg: Invalid argument. Specify the number of threads explicitly so the affinity is not set.[m
[1;31m2026-07-31 11:37:10.375138365 [E:onnxruntime:Default, env.cc:228 ThreadMain] pthread_setaffinity_np failed for thread: 1025998, index: 31, mask: {32, }, error code: 22 error msg: Invalid argument. Specify the number of threads explicitly so the affinity is not set.[m
[1;31m2026-07-31 11:37:10.390394747 [E:onnxruntime:Default, env.cc:228 ThreadMain] pthread_setaffinity_np failed for thread: 1025987, index: 20, mask: {21, }, error code: 22 error msg: Invalid argument. Specify the number of threads explicitly so the affinity is not set.[m
[1;31m2026-07-31 11:37:10.375139377 [E:onnxruntime:Default, env.cc:228 ThreadMain] pthread_setaffinity_np failed for thread: 1025993, index: 26, mask: {27, }, error code: 22 error msg: Invalid argument. Specify the number of threads explicitly so the affinity is not set.[m
[1;31m2026-07-31 11:37:10.393503613 [E:onnxruntime:Default, env.cc:228 ThreadMain] pthread_setaffinity_np failed for thread: 1025983, index: 16, mask: {17, }, error code: 22 error msg: Invalid argument. Specify the number of threads explicitly so the affinity is not set.[m
2026-07-31 11:37:14.431 | INFO     | __main__:create_app:236 - Request concurrency limited to 3
INFO:     Started server process [1025959]
INFO:     Waiting for application startup.
INFO:     Application startup complete.
INFO:     Uvicorn running on http://127.0.0.1:37161 (Press CTRL+C to quit)
2026-07-31 11:37:16.879 | INFO     | mineru.cli.client:run_planned_task:832 - Submitting batch 1/1 | 1 document, 15 pages in this batch | 15 pages total | task#1 [10.1016_j.landig.2025.02.008]
2026-07-31 11:39:03.706 | WARNING  | mineru.cli.api_client:wait_for_task_result:950 - Timed out while polling task status for task#1 [10.1016_j.landig.2025.02.008] (task_id=e0563baf-ddf8-4d72-858b-432484e95a69). This can happen during cold start; retrying until the task deadline.
2026-07-31 11:40:59.064 | INFO     | mineru.backend.pipeline.pipeline_analyze:doc_analyze_streaming:209 - Pipeline processing-window multi-file run. doc_count=1, total_pages=15, window_size=64, total_batches=1
Start MinerU FastAPI Service: http://127.0.0.1:37161
API documentation: http://127.0.0.1:37161/docs
[1;31m2026-07-31 11:41:00.325994409 [E:onnxruntime:Default, env.cc:228 ThreadMain] pthread_setaffinity_np failed for thread: 1027975, index: 0, mask: {1, }, error code: 22 error msg: Invalid argument. Specify the number of threads explicitly so the affinity is not set.[m
[1;31m2026-07-31 11:41:00.325990662 [E:onnxruntime:Default, env.cc:228 ThreadMain] pthread_setaffinity_np failed for thread: 1027977, index: 2, mask: {3, }, error code: 22 error msg: Invalid argument. Specify the number of threads explicitly so the affinity is not set.[m
[1;31m2026-07-31 11:41:00.326011331 [E:onnxruntime:Default, env.cc:228 ThreadMain] pthread_setaffinity_np failed for thread: 1027976, index: 1, mask: {2, }, error code: 22 error msg: Invalid argument. Specify the number of threads explicitly so the affinity is not set.[m
[1;31m2026-07-31 11:41:00.326160510 [E:onnxruntime:Default, env.cc:228 ThreadMain] pthread_setaffinity_np failed for thread: 1027980, index: 5, mask: {6, }, error code: 22 error msg: Invalid argument. Specify the number of threads explicitly so the affinity is not set.[m
[1;31m2026-07-31 11:41:00.326069920 [E:onnxruntime:Default, env.cc:228 ThreadMain] pthread_setaffinity_np failed for thread: 1027978, index: 3, mask: {4, }, error code: 22 error msg: Invalid argument. Specify the number of threads explicitly so the affinity is not set.[m
[1;31m2026-07-31 11:41:00.326178494 [E:onnxruntime:Default, env.cc:228 ThreadMain] pthread_setaffinity_np failed for thread: 1027979, index: 4, mask: {5, }, error code: 22 error msg: Invalid argument. Specify the number of threads explicitly so the affinity is not set.[m
[1;31m2026-07-31 11:41:00.326219250 [E:onnxruntime:Default, env.cc:228 ThreadMain] pthread_setaffinity_np failed for thread: 1027981, index: 6, mask: {7, }, error code: 22 error msg: Invalid argument. Specify the number of threads explicitly so the affinity is not set.[m
[1;31m2026-07-31 11:41:00.326291084 [E:onnxruntime:Default, env.cc:228 ThreadMain] pthread_setaffinity_np failed for thread: 1027983, index: 8, mask: {9, }, error code: 22 error msg: Invalid argument. Specify the number of threads explicitly so the affinity is not set.[m
[1;31m2026-07-31 11:41:00.345282794 [E:onnxruntime:Default, env.cc:228 ThreadMain] pthread_setaffinity_np failed for thread: 1027982, index: 7, mask: {8, }, error code: 22 error msg: Invalid argument. Specify the number of threads explicitly so the affinity is not set.[m
[1;31m2026-07-31 11:41:00.356303312 [E:onnxruntime:Default, env.cc:228 ThreadMain] pthread_setaffinity_np failed for thread: 1028031, index: 56, mask: {57, }, error code: 22 error msg: Invalid argument. Specify the number of threads explicitly so the affinity is not set.[m
[1;31m2026-07-31 11:41:00.359516533 [E:onnxruntime:Default, env.cc:228 ThreadMain] pthread_setaffinity_np failed for thread: 1027994, index: 19, mask: {20, }, error code: 22 error msg: Invalid argument. Specify the number of threads explicitly so the affinity is not set.[m
[1;31m2026-07-31 11:41:00.361761753 [E:onnxruntime:Default, env.cc:228 ThreadMain] pthread_setaffinity_np failed for thread: 1027993, index: 18, mask: {19, }, error code: 22 error msg: Invalid argument. Specify the number of threads explicitly so the affinity is not set.[m
[1;31m2026-07-31 11:41:00.361794354 [E:onnxruntime:Default, env.cc:228 ThreadMain] pthread_setaffinity_np failed for thread: 1028034, index: 59, mask: {60, }, error code: 22 error msg: Invalid argument. Specify the number of threads explicitly so the affinity is not set.[m
[1;31m2026-07-31 11:41:00.361874865 [E:onnxruntime:Default, env.cc:228 ThreadMain] pthread_setaffinity_np failed for thread: 1028030, index: 55, mask: {56, }, error code: 22 error msg: Invalid argument. Specify the number of threads explicitly so the affinity is not set.[m
[1;31m2026-07-31 11:41:00.362199432 [E:onnxruntime:Default, env.cc:228 ThreadMain] pthread_setaffinity_np failed for thread: 1027995, index: 20, mask: {21, }, error code: 22 error msg: Invalid argument. Specify the number of threads explicitly so the affinity is not set.[m
[1;31m2026-07-31 11:41:00.362562872 [E:onnxruntime:Default, env.cc:228 ThreadMain] pthread_setaffinity_np failed for thread: 1028032, index: 57, mask: {58, }, error code: 22 error msg: Invalid argument. Specify the number of threads explicitly so the affinity is not set.[m
[1;31m2026-07-31 11:41:00.366025480 [E:onnxruntime:Default, env.cc:228 ThreadMain] pthread_setaffinity_np failed for thread: 1027996, index: 21, mask: {22, }, error code: 22 error msg: Invalid argument. Specify the number of threads explicitly so the affinity is not set.[m
[1;31m2026-07-31 11:41:00.366295325 [E:onnxruntime:Default, env.cc:228 ThreadMain] pthread_setaffinity_np failed for thread: 1027985, index: 10, mask: {11, }, error code: 22 error msg: Invalid argument. Specify the number of threads explicitly so the affinity is not set.[m
[1;31m2026-07-31 11:41:00.374519120 [E:onnxruntime:Default, env.cc:228 ThreadMain] pthread_setaffinity_np failed for thread: 1027992, index: 17, mask: {18, }, error code: 22 error msg: Invalid argument. Specify the number of threads explicitly so the affinity is not set.[m
[1;31m2026-07-31 11:41:00.385266416 [E:onnxruntime:Default, env.cc:228 ThreadMain] pthread_setaffinity_np failed for thread: 1028037, index: 62, mask: {63, }, error code: 22 error msg: Invalid argument. Specify the number of threads explicitly so the affinity is not set.[m
[1;31m2026-07-31 11:41:00.390512431 [E:onnxruntime:Default, env.cc:228 ThreadMain] pthread_setaffinity_np failed for thread: 1028006, index: 31, mask: {32, }, error code: 22 error msg: Invalid argument. Specify the number of threads explicitly so the affinity is not set.[m
[1;31m2026-07-31 11:41:00.395269800 [E:onnxruntime:Default, env.cc:228 ThreadMain] pthread_setaffinity_np failed for thread: 1028007, index: 32, mask: {33, }, error code: 22 error msg: Invalid argument. Specify the number of threads explicitly so the affinity is not set.[m
[1;31m2026-07-31 11:41:00.397578370 [E:onnxruntime:Default, env.cc:228 ThreadMain] pthread_setaffinity_np failed for thread: 1027986, index: 11, mask: {12, }, error code: 22 error msg: Invalid argument. Specify the number of threads explicitly so the affinity is not set.[m
[1;31m2026-07-31 11:41:00.406026364 [E:onnxruntime:Default, env.cc:228 ThreadMain] pthread_setaffinity_np failed for thread: 1028002, index: 27, mask: {28, }, error code: 22 error msg: Invalid argument. Specify the number of threads explicitly so the affinity is not set.[m
[1;31m2026-07-31 11:41:00.412510745 [E:onnxruntime:Default, env.cc:228 ThreadMain] pthread_setaffinity_np failed for thread: 1028008, index: 33, mask: {34, }, error code: 22 error msg: Invalid argument. Specify the number of threads explicitly so the affinity is not set.[m
[1;31m2026-07-31 11:41:00.362546241 [E:onnxruntime:Default, env.cc:228 ThreadMain] pthread_setaffinity_np failed for thread: 1028004, index: 29, mask: {30, }, error code: 22 error msg: Invalid argument. Specify the number of threads explicitly so the affinity is not set.[m
[1;31m2026-07-31 11:41:00.428194507 [E:onnxruntime:Default, env.cc:228 ThreadMain] pthread_setaffinity_np failed for thread: 1028009, index: 34, mask: {35, }, error code: 22 error msg: Invalid argument. Specify the number of threads explicitly so the affinity is not set.[m
[1;31m2026-07-31 11:41:00.436025477 [E:onnxruntime:Default, env.cc:228 ThreadMain] pthread_setaffinity_np failed for thread: 1028016, index: 41, mask: {42, }, error code: 22 error msg: Invalid argument. Specify the number of threads explicitly so the affinity is not set.[m
[1;31m2026-07-31 11:41:00.439521477 [E:onnxruntime:Default, env.cc:228 ThreadMain] pthread_setaffinity_np failed for thread: 1027998, index: 23, mask: {24, }, error code: 22 error msg: Invalid argument. Specify the number of threads explicitly so the affinity is not set.[m
[1;31m2026-07-31 11:41:00.446018462 [E:onnxruntime:Default, env.cc:228 ThreadMain] pthread_setaffinity_np failed for thread: 1028010, index: 35, mask: {36, }, error code: 22 error msg: Invalid argument. Specify the number of threads explicitly so the affinity is not set.[m
[1;31m2026-07-31 11:41:00.452519675 [E:onnxruntime:Default, env.cc:228 ThreadMain] pthread_setaffinity_np failed for thread: 1028011, index: 36, mask: {37, }, error code: 22 error msg: Invalid argument. Specify the number of threads explicitly so the affinity is not set.[m
[1;31m2026-07-31 11:41:00.453305014 [E:onnxruntime:Default, env.cc:228 ThreadMain] pthread_setaffinity_np failed for thread: 1028018, index: 43, mask: {44, }, error code: 22 error msg: Invalid argument. Specify the number of threads explicitly so the affinity is not set.[m
[1;31m2026-07-31 11:41:00.456024371 [E:onnxruntime:Default, env.cc:228 ThreadMain] pthread_setaffinity_np failed for thread: 1028012, index: 37, mask: {38, }, error code: 22 error msg: Invalid argument. Specify the number of threads explicitly so the affinity is not set.[m
[1;31m2026-07-31 11:41:00.464510337 [E:onnxruntime:Default, env.cc:228 ThreadMain] pthread_setaffinity_np failed for thread: 1028000, index: 25, mask: {26, }, error code: 22 error msg: Invalid argument. Specify the number of threads explicitly so the affinity is not set.[m
[1;31m2026-07-31 11:41:00.466025171 [E:onnxruntime:Default, env.cc:228 ThreadMain] pthread_setaffinity_np failed for thread: 1028019, index: 44, mask: {45, }, error code: 22 error msg: Invalid argument. Specify the number of threads explicitly so the affinity is not set.[m
[1;31m2026-07-31 11:41:00.472512558 [E:onnxruntime:Default, env.cc:228 ThreadMain] pthread_setaffinity_np failed for thread: 1028013, index: 38, mask: {39, }, error code: 22 error msg: Invalid argument. Specify the number of threads explicitly so the affinity is not set.[m
[1;31m2026-07-31 11:41:00.476024889 [E:onnxruntime:Default, env.cc:228 ThreadMain] pthread_setaffinity_np failed for thread: 1028020, index: 45, mask: {46, }, error code: 22 error msg: Invalid argument. Specify the number of threads explicitly so the affinity is not set.[m
[1;31m2026-07-31 11:41:00.481507846 [E:onnxruntime:Default, env.cc:228 ThreadMain] pthread_setaffinity_np failed for thread: 1028001, index: 26, mask: {27, }, error code: 22 error msg: Invalid argument. Specify the number of threads explicitly so the affinity is not set.[m
[1;31m2026-07-31 11:41:00.486025117 [E:onnxruntime:Default, env.cc:228 ThreadMain] pthread_setaffinity_np failed for thread: 1027989, index: 14, mask: {15, }, error code: 22 error msg: Invalid argument. Specify the number of threads explicitly so the affinity is not set.[m
[1;31m2026-07-31 11:41:00.492509438 [E:onnxruntime:Default, env.cc:228 ThreadMain] pthread_setaffinity_np failed for thread: 1028021, index: 46, mask: {47, }, error code: 22 error msg: Invalid argument. Specify the number of threads explicitly so the affinity is not set.[m
[1;31m2026-07-31 11:41:00.496687845 [E:onnxruntime:Default, env.cc:228 ThreadMain] pthread_setaffinity_np failed for thread: 1028003, index: 28, mask: {29, }, error code: 22 error msg: Invalid argument. Specify the number of threads explicitly so the affinity is not set.[m
[1;31m2026-07-31 11:41:00.515501732 [E:onnxruntime:Default, env.cc:228 ThreadMain] pthread_setaffinity_np failed for thread: 1028033, index: 58, mask: {59, }, error code: 22 error msg: Invalid argument. Specify the number of threads explicitly so the affinity is not set.[m
[1;31m2026-07-31 11:41:00.416089040 [E:onnxruntime:Default, env.cc:228 ThreadMain] pthread_setaffinity_np failed for thread: 1027999, index: 24, mask: {25, }, error code: 22 error msg: Invalid argument. Specify the number of threads explicitly so the affinity is not set.[m
[1;31m2026-07-31 11:41:00.362050884 [E:onnxruntime:Default, env.cc:228 ThreadMain] pthread_setaffinity_np failed for thread: 1027997, index: 22, mask: {23, }, error code: 22 error msg: Invalid argument. Specify the number of threads explicitly so the affinity is not set.[m
[1;31m2026-07-31 11:41:00.362117008 [E:onnxruntime:Default, env.cc:228 ThreadMain] pthread_setaffinity_np failed for thread: 1028035, index: 60, mask: {61, }, error code: 22 error msg: Invalid argument. Specify the number of threads explicitly so the affinity is not set.[m
[1;31m2026-07-31 11:41:00.421502297 [E:onnxruntime:Default, env.cc:228 ThreadMain] pthread_setaffinity_np failed for thread: 1028005, index: 30, mask: {31, }, error code: 22 error msg: Invalid argument. Specify the number of threads explicitly so the affinity is not set.[m
[1;31m2026-07-31 11:41:00.416098477 [E:onnxruntime:Default, env.cc:228 ThreadMain] pthread_setaffinity_np failed for thread: 1028036, index: 61, mask: {62, }, error code: 22 error msg: Invalid argument. Specify the number of threads explicitly so the affinity is not set.[m
[1;31m2026-07-31 11:41:00.416074272 [E:onnxruntime:Default, env.cc:228 ThreadMain] pthread_setaffinity_np failed for thread: 1027988, index: 13, mask: {14, }, error code: 22 error msg: Invalid argument. Specify the number of threads explicitly so the affinity is not set.[m
[1;31m2026-07-31 11:41:00.416040679 [E:onnxruntime:Default, env.cc:228 ThreadMain] pthread_setaffinity_np failed for thread: 1028014, index: 39, mask: {40, }, error code: 22 error msg: Invalid argument. Specify the number of threads explicitly so the affinity is not set.[m
[1;31m2026-07-31 11:41:00.416082036 [E:onnxruntime:Default, env.cc:228 ThreadMain] pthread_setaffinity_np failed for thread: 1027990, index: 15, mask: {16, }, error code: 22 error msg: Invalid argument. Specify the number of threads explicitly so the affinity is not set.[m
[1;31m2026-07-31 11:41:00.536057839 [E:onnxruntime:Default, env.cc:228 ThreadMain] pthread_setaffinity_np failed for thread: 1028015, index: 40, mask: {41, }, error code: 22 error msg: Invalid argument. Specify the number of threads explicitly so the affinity is not set.[m
[1;31m2026-07-31 11:41:00.536039184 [E:onnxruntime:Default, env.cc:228 ThreadMain] pthread_setaffinity_np failed for thread: 1027991, index: 16, mask: {17, }, error code: 22 error msg: Invalid argument. Specify the number of threads explicitly so the affinity is not set.[m
[1;31m2026-07-31 11:41:00.525270167 [E:onnxruntime:Default, env.cc:228 ThreadMain] pthread_setaffinity_np failed for thread: 1028017, index: 42, mask: {43, }, error code: 22 error msg: Invalid argument. Specify the number of threads explicitly so the affinity is not set.[m
[1;31m2026-07-31 11:41:00.525278052 [E:onnxruntime:Default, env.cc:228 ThreadMain] pthread_setaffinity_np failed for thread: 1027987, index: 12, mask: {13, }, error code: 22 error msg: Invalid argument. Specify the number of threads explicitly so the affinity is not set.[m
[1;31m2026-07-31 11:41:00.525288572 [E:onnxruntime:Default, env.cc:228 ThreadMain] pthread_setaffinity_np failed for thread: 1027984, index: 9, mask: {10, }, error code: 22 error msg: Invalid argument. Specify the number of threads explicitly so the affinity is not set.[m
2026-07-31 11:41:05.233 | INFO     | mineru.backend.pipeline.pipeline_analyze:doc_analyze_streaming:264 - Pipeline processing window batch 1/1: 15/15 pages, batch_pages=15, doc_slices=doc0:1-15
/work/hdd/bgkq/xchen48/conda_envs/mineru/lib/python3.11/site-packages/torch/cuda/__init__.py:187: UserWarning: CUDA initialization: The NVIDIA driver on your system is too old (found version 12080). Please update your GPU driver by downloading and installing a new version from the URL: http://www.nvidia.com/Download/index.aspx Alternatively, go to: https://pytorch.org to install a PyTorch version that has been compiled with your version of the CUDA driver. (Triggered internally at /pytorch/c10/cuda/CUDAFunctions.cpp:119.)
  return torch._C._cuda_getDeviceCount() > 0
2026-07-31 11:41:05.714 | INFO     | mineru.backend.pipeline.pipeline_analyze:batch_image_analyze:364 - GPU Memory: 1 GB, Batch Ratio: 1. 
2026-07-31 11:41:05.714 | INFO     | mineru.backend.pipeline.model_init:__init__:239 - DocAnalysis init, this may take some times......
[1;31m2026-07-31 11:41:20.856535141 [E:onnxruntime:Default, env.cc:228 ThreadMain] pthread_setaffinity_np failed for thread: 1028074, index: 0, mask: {1, }, error code: 22 error msg: Invalid argument. Specify the number of threads explicitly so the affinity is not set.[m
[1;31m2026-07-31 11:41:20.856608829 [E:onnxruntime:Default, env.cc:228 ThreadMain] pthread_setaffinity_np failed for thread: 1028076, index: 2, mask: {3, }, error code: 22 error msg: Invalid argument. Specify the number of threads explicitly so the affinity is not set.[m
[1;31m2026-07-31 11:41:20.856576929 [E:onnxruntime:Default, env.cc:228 ThreadMain] pthread_setaffinity_np failed for thread: 1028075, index: 1, mask: {2, }, error code: 22 error msg: Invalid argument. Specify the number of threads explicitly so the affinity is not set.[m
[1;31m2026-07-31 11:41:20.856771603 [E:onnxruntime:Default, env.cc:228 ThreadMain] pthread_setaffinity_np failed for thread: 1028077, index: 3, mask: {4, }, error code: 22 error msg: Invalid argument. Specify the number of threads explicitly so the affinity is not set.[m
[1;31m2026-07-31 11:41:20.856813842 [E:onnxruntime:Default, env.cc:228 ThreadMain] pthread_setaffinity_np failed for thread: 1028078, index: 4, mask: {5, }, error code: 22 error msg: Invalid argument. Specify the number of threads explicitly so the affinity is not set.[m
[1;31m2026-07-31 11:41:20.856832447 [E:onnxruntime:Default, env.cc:228 ThreadMain] pthread_setaffinity_np failed for thread: 1028079, index: 5, mask: {6, }, error code: 22 error msg: Invalid argument. Specify the number of threads explicitly so the affinity is not set.[m
[1;31m2026-07-31 11:41:20.856887871 [E:onnxruntime:Default, env.cc:228 ThreadMain] pthread_setaffinity_np failed for thread: 1028080, index: 6, mask: {7, }, error code: 22 error msg: Invalid argument. Specify the number of threads explicitly so the affinity is not set.[m
[1;31m2026-07-31 11:41:20.858576450 [E:onnxruntime:Default, env.cc:228 ThreadMain] pthread_setaffinity_np failed for thread: 1028095, index: 21, mask: {22, }, error code: 22 error msg: Invalid argument. Specify the number of threads explicitly so the affinity is not set.[m
[1;31m2026-07-31 11:41:20.865528005 [E:onnxruntime:Default, env.cc:228 ThreadMain] pthread_setaffinity_np failed for thread: 1028096, index: 22, mask: {23, }, error code: 22 error msg: Invalid argument. Specify the number of threads explicitly so the affinity is not set.[m
[1;31m2026-07-31 11:41:20.869587439 [E:onnxruntime:Default, env.cc:228 ThreadMain] pthread_setaffinity_np failed for thread: 1028087, index: 13, mask: {14, }, error code: 22 error msg: Invalid argument. Specify the number of threads explicitly so the affinity is not set.[m
[1;31m2026-07-31 11:41:20.870516567 [E:onnxruntime:Default, env.cc:228 ThreadMain] pthread_setaffinity_np failed for thread: 1028098, index: 24, mask: {25, }, error code: 22 error msg: Invalid argument. Specify the number of threads explicitly so the affinity is not set.[m
[1;31m2026-07-31 11:41:20.869506297 [E:onnxruntime:Default, env.cc:228 ThreadMain] pthread_setaffinity_np failed for thread: 1028097, index: 23, mask: {24, }, error code: 22 error msg: Invalid argument. Specify the number of threads explicitly so the affinity is not set.[m
[1;31m2026-07-31 11:41:20.869526756 [E:onnxruntime:Default, env.cc:228 ThreadMain] pthread_setaffinity_np failed for thread: 1028102, index: 28, mask: {29, }, error code: 22 error msg: Invalid argument. Specify the number of threads explicitly so the affinity is not set.[m
[1;31m2026-07-31 11:41:20.869571239 [E:onnxruntime:Default, env.cc:228 ThreadMain] pthread_setaffinity_np failed for thread: 1028089, index: 15, mask: {16, }, error code: 22 error msg: Invalid argument. Specify the number of threads explicitly so the affinity is not set.[m
[1;31m2026-07-31 11:41:20.885573046 [E:onnxruntime:Default, env.cc:228 ThreadMain] pthread_setaffinity_np failed for thread: 1028129, index: 55, mask: {56, }, error code: 22 error msg: Invalid argument. Specify the number of threads explicitly so the affinity is not set.[m
[1;31m2026-07-31 11:41:20.869498262 [E:onnxruntime:Default, env.cc:228 ThreadMain] pthread_setaffinity_np failed for thread: 1028085, index: 11, mask: {12, }, error code: 22 error msg: Invalid argument. Specify the number of threads explicitly so the affinity is not set.[m
[1;31m2026-07-31 11:41:20.869540742 [E:onnxruntime:Default, env.cc:228 ThreadMain] pthread_setaffinity_np failed for thread: 1028084, index: 10, mask: {11, }, error code: 22 error msg: Invalid argument. Specify the number of threads explicitly so the affinity is not set.[m
[1;31m2026-07-31 11:41:20.895518672 [E:onnxruntime:Default, env.cc:228 ThreadMain] pthread_setaffinity_np failed for thread: 1028094, index: 20, mask: {21, }, error code: 22 error msg: Invalid argument. Specify the number of threads explicitly so the affinity is not set.[m
[1;31m2026-07-31 11:41:20.897582383 [E:onnxruntime:Default, env.cc:228 ThreadMain] pthread_setaffinity_np failed for thread: 1028130, index: 56, mask: {57, }, error code: 22 error msg: Invalid argument. Specify the number of threads explicitly so the affinity is not set.[m
[1;31m2026-07-31 11:41:20.902521733 [E:onnxruntime:Default, env.cc:228 ThreadMain] pthread_setaffinity_np failed for thread: 1028131, index: 57, mask: {58, }, error code: 22 error msg: Invalid argument. Specify the number of threads explicitly so the affinity is not set.[m
[1;31m2026-07-31 11:41:20.906288981 [E:onnxruntime:Default, env.cc:228 ThreadMain] pthread_setaffinity_np failed for thread: 1028109, index: 35, mask: {36, }, error code: 22 error msg: Invalid argument. Specify the number of threads explicitly so the affinity is not set.[m
[1;31m2026-07-31 11:41:20.914512876 [E:onnxruntime:Default, env.cc:228 ThreadMain] pthread_setaffinity_np failed for thread: 1028132, index: 58, mask: {59, }, error code: 22 error msg: Invalid argument. Specify the number of threads explicitly so the affinity is not set.[m
[1;31m2026-07-31 11:41:20.921509095 [E:onnxruntime:Default, env.cc:228 ThreadMain] pthread_setaffinity_np failed for thread: 1028133, index: 59, mask: {60, }, error code: 22 error msg: Invalid argument. Specify the number of threads explicitly so the affinity is not set.[m
[1;31m2026-07-31 11:41:20.926289699 [E:onnxruntime:Default, env.cc:228 ThreadMain] pthread_setaffinity_np failed for thread: 1028091, index: 17, mask: {18, }, error code: 22 error msg: Invalid argument. Specify the number of threads explicitly so the affinity is not set.[m
[1;31m2026-07-31 11:41:20.930532857 [E:onnxruntime:Default, env.cc:228 ThreadMain] pthread_setaffinity_np failed for thread: 1028118, index: 44, mask: {45, }, error code: 22 error msg: Invalid argument. Specify the number of threads explicitly so the affinity is not set.[m
[1;31m2026-07-31 11:41:20.930549378 [E:onnxruntime:Default, env.cc:228 ThreadMain] pthread_setaffinity_np failed for thread: 1028111, index: 37, mask: {38, }, error code: 22 error msg: Invalid argument. Specify the number of threads explicitly so the affinity is not set.[m
[1;31m2026-07-31 11:41:20.872619742 [E:onnxruntime:Default, env.cc:228 ThreadMain] pthread_setaffinity_np failed for thread: 1028086, index: 12, mask: {13, }, error code: 22 error msg: Invalid argument. Specify the number of threads explicitly so the affinity is not set.[m
[1;31m2026-07-31 11:41:20.885549151 [E:onnxruntime:Default, env.cc:228 ThreadMain] pthread_setaffinity_np failed for thread: 1028134, index: 60, mask: {61, }, error code: 22 error msg: Invalid argument. Specify the number of threads explicitly so the affinity is not set.[m
[1;31m2026-07-31 11:41:20.930508912 [E:onnxruntime:Default, env.cc:228 ThreadMain] pthread_setaffinity_np failed for thread: 1028099, index: 25, mask: {26, }, error code: 22 error msg: Invalid argument. Specify the number of threads explicitly so the affinity is not set.[m
[1;31m2026-07-31 11:41:20.935348296 [E:onnxruntime:Default, env.cc:228 ThreadMain] pthread_setaffinity_np failed for thread: 1028107, index: 33, mask: {34, }, error code: 22 error msg: Invalid argument. Specify the number of threads explicitly so the affinity is not set.[m
[1;31m2026-07-31 11:41:20.936066489 [E:onnxruntime:Default, env.cc:228 ThreadMain] pthread_setaffinity_np failed for thread: 1028101, index: 27, mask: {28, }, error code: 22 error msg: Invalid argument. Specify the number of threads explicitly so the affinity is not set.[m
[1;31m2026-07-31 11:41:20.872589395 [E:onnxruntime:Default, env.cc:228 ThreadMain] pthread_setaffinity_np failed for thread: 1028135, index: 61, mask: {62, }, error code: 22 error msg: Invalid argument. Specify the number of threads explicitly so the affinity is not set.[m
[1;31m2026-07-31 11:41:20.940515262 [E:onnxruntime:Default, env.cc:228 ThreadMain] pthread_setaffinity_np failed for thread: 1028112, index: 38, mask: {39, }, error code: 22 error msg: Invalid argument. Specify the number of threads explicitly so the affinity is not set.[m
[1;31m2026-07-31 11:41:20.872616235 [E:onnxruntime:Default, env.cc:228 ThreadMain] pthread_setaffinity_np failed for thread: 1028082, index: 8, mask: {9, }, error code: 22 error msg: Invalid argument. Specify the number of threads explicitly so the affinity is not set.[m
[1;31m2026-07-31 11:41:20.944515175 [E:onnxruntime:Default, env.cc:228 ThreadMain] pthread_setaffinity_np failed for thread: 1028083, index: 9, mask: {10, }, error code: 22 error msg: Invalid argument. Specify the number of threads explicitly so the affinity is not set.[m
[1;31m2026-07-31 11:41:20.945532168 [E:onnxruntime:Default, env.cc:228 ThreadMain] pthread_setaffinity_np failed for thread: 1028088, index: 14, mask: {15, }, error code: 22 error msg: Invalid argument. Specify the number of threads explicitly so the affinity is not set.[m
[1;31m2026-07-31 11:41:20.946029989 [E:onnxruntime:Default, env.cc:228 ThreadMain] pthread_setaffinity_np failed for thread: 1028100, index: 26, mask: {27, }, error code: 22 error msg: Invalid argument. Specify the number of threads explicitly so the affinity is not set.[m
[1;31m2026-07-31 11:41:20.949509088 [E:onnxruntime:Default, env.cc:228 ThreadMain] pthread_setaffinity_np failed for thread: 1028114, index: 40, mask: {41, }, error code: 22 error msg: Invalid argument. Specify the number of threads explicitly so the affinity is not set.[m
[1;31m2026-07-31 11:41:20.953514942 [E:onnxruntime:Default, env.cc:228 ThreadMain] pthread_setaffinity_np failed for thread: 1028115, index: 41, mask: {42, }, error code: 22 error msg: Invalid argument. Specify the number of threads explicitly so the affinity is not set.[m
[1;31m2026-07-31 11:41:20.955549599 [E:onnxruntime:Default, env.cc:228 ThreadMain] pthread_setaffinity_np failed for thread: 1028116, index: 42, mask: {43, }, error code: 22 error msg: Invalid argument. Specify the number of threads explicitly so the affinity is not set.[m
[1;31m2026-07-31 11:41:20.960577044 [E:onnxruntime:Default, env.cc:228 ThreadMain] pthread_setaffinity_np failed for thread: 1028117, index: 43, mask: {44, }, error code: 22 error msg: Invalid argument. Specify the number of threads explicitly so the affinity is not set.[m
[1;31m2026-07-31 11:41:20.965272008 [E:onnxruntime:Default, env.cc:228 ThreadMain] pthread_setaffinity_np failed for thread: 1028119, index: 45, mask: {46, }, error code: 22 error msg: Invalid argument. Specify the number of threads explicitly so the affinity is not set.[m
[1;31m2026-07-31 11:41:20.975096648 [E:onnxruntime:Default, env.cc:228 ThreadMain] pthread_setaffinity_np failed for thread: 1028136, index: 62, mask: {63, }, error code: 22 error msg: Invalid argument. Specify the number of threads explicitly so the affinity is not set.[m
[1;31m2026-07-31 11:41:20.969521137 [E:onnxruntime:Default, env.cc:228 ThreadMain] pthread_setaffinity_np failed for thread: 1028120, index: 46, mask: {47, }, error code: 22 error msg: Invalid argument. Specify the number of threads explicitly so the affinity is not set.[m
[1;31m2026-07-31 11:41:20.935328018 [E:onnxruntime:Default, env.cc:228 ThreadMain] pthread_setaffinity_np failed for thread: 1028104, index: 30, mask: {31, }, error code: 22 error msg: Invalid argument. Specify the number of threads explicitly so the affinity is not set.[m
[1;31m2026-07-31 11:41:20.982519404 [E:onnxruntime:Default, env.cc:228 ThreadMain] pthread_setaffinity_np failed for thread: 1028093, index: 19, mask: {20, }, error code: 22 error msg: Invalid argument. Specify the number of threads explicitly so the affinity is not set.[m
[1;31m2026-07-31 11:41:20.890593968 [E:onnxruntime:Default, env.cc:228 ThreadMain] pthread_setaffinity_np failed for thread: 1028105, index: 31, mask: {32, }, error code: 22 error msg: Invalid argument. Specify the number of threads explicitly so the affinity is not set.[m
[1;31m2026-07-31 11:41:20.935288674 [E:onnxruntime:Default, env.cc:228 ThreadMain] pthread_setaffinity_np failed for thread: 1028108, index: 34, mask: {35, }, error code: 22 error msg: Invalid argument. Specify the number of threads explicitly so the affinity is not set.[m
[1;31m2026-07-31 11:41:20.935303792 [E:onnxruntime:Default, env.cc:228 ThreadMain] pthread_setaffinity_np failed for thread: 1028110, index: 36, mask: {37, }, error code: 22 error msg: Invalid argument. Specify the number of threads explicitly so the affinity is not set.[m
[1;31m2026-07-31 11:41:20.945522991 [E:onnxruntime:Default, env.cc:228 ThreadMain] pthread_setaffinity_np failed for thread: 1028113, index: 39, mask: {40, }, error code: 22 error msg: Invalid argument. Specify the number of threads explicitly so the affinity is not set.[m
[1;31m2026-07-31 11:41:20.981542587 [E:onnxruntime:Default, env.cc:228 ThreadMain] pthread_setaffinity_np failed for thread: 1028090, index: 16, mask: {17, }, error code: 22 error msg: Invalid argument. Specify the number of threads explicitly so the affinity is not set.[m
[1;31m2026-07-31 11:41:20.985270000 [E:onnxruntime:Default, env.cc:228 ThreadMain] pthread_setaffinity_np failed for thread: 1028081, index: 7, mask: {8, }, error code: 22 error msg: Invalid argument. Specify the number of threads explicitly so the affinity is not set.[m
[1;31m2026-07-31 11:41:20.981552245 [E:onnxruntime:Default, env.cc:228 ThreadMain] pthread_setaffinity_np failed for thread: 1028106, index: 32, mask: {33, }, error code: 22 error msg: Invalid argument. Specify the number of threads explicitly so the affinity is not set.[m
[1;31m2026-07-31 11:41:20.997570522 [E:onnxruntime:Default, env.cc:228 ThreadMain] pthread_setaffinity_np failed for thread: 1028092, index: 18, mask: {19, }, error code: 22 error msg: Invalid argument. Specify the number of threads explicitly so the affinity is not set.[m
[1;31m2026-07-31 11:41:20.993542045 [E:onnxruntime:Default, env.cc:228 ThreadMain] pthread_setaffinity_np failed for thread: 1028103, index: 29, mask: {30, }, error code: 22 error msg: Invalid argument. Specify the number of threads explicitly so the affinity is not set.[m
[1;31m2026-07-31 11:41:21.148385289 [E:onnxruntime:Default, env.cc:228 ThreadMain] pthread_setaffinity_np failed for thread: 1028137, index: 0, mask: {1, }, error code: 22 error msg: Invalid argument. Specify the number of threads explicitly so the affinity is not set.[m
[1;31m2026-07-31 11:41:21.148424933 [E:onnxruntime:Default, env.cc:228 ThreadMain] pthread_setaffinity_np failed for thread: 1028138, index: 1, mask: {2, }, error code: 22 error msg: Invalid argument. Specify the number of threads explicitly so the affinity is not set.[m
[1;31m2026-07-31 11:41:21.148459988 [E:onnxruntime:Default, env.cc:228 ThreadMain] pthread_setaffinity_np failed for thread: 1028139, index: 2, mask: {3, }, error code: 22 error msg: Invalid argument. Specify the number of threads explicitly so the affinity is not set.[m
[1;31m2026-07-31 11:41:21.148619727 [E:onnxruntime:Default, env.cc:228 ThreadMain] pthread_setaffinity_np failed for thread: 1028140, index: 3, mask: {4, }, error code: 22 error msg: Invalid argument. Specify the number of threads explicitly so the affinity is not set.[m
[1;31m2026-07-31 11:41:21.148683436 [E:onnxruntime:Default, env.cc:228 ThreadMain] pthread_setaffinity_np failed for thread: 1028142, index: 5, mask: {6, }, error code: 22 error msg: Invalid argument. Specify the number of threads explicitly so the affinity is not set.[m
[1;31m2026-07-31 11:41:21.148651557 [E:onnxruntime:Default, env.cc:228 ThreadMain] pthread_setaffinity_np failed for thread: 1028141, index: 4, mask: {5, }, error code: 22 error msg: Invalid argument. Specify the number of threads explicitly so the affinity is not set.[m
[1;31m2026-07-31 11:41:21.148771181 [E:onnxruntime:Default, env.cc:228 ThreadMain] pthread_setaffinity_np failed for thread: 1028144, index: 7, mask: {8, }, error code: 22 error msg: Invalid argument. Specify the number of threads explicitly so the affinity is not set.[m
[1;31m2026-07-31 11:41:21.148710517 [E:onnxruntime:Default, env.cc:228 ThreadMain] pthread_setaffinity_np failed for thread: 1028143, index: 6, mask: {7, }, error code: 22 error msg: Invalid argument. Specify the number of threads explicitly so the affinity is not set.[m
[1;31m2026-07-31 11:41:21.151051336 [E:onnxruntime:Default, env.cc:228 ThreadMain] pthread_setaffinity_np failed for thread: 1028151, index: 14, mask: {15, }, error code: 22 error msg: Invalid argument. Specify the number of threads explicitly so the affinity is not set.[m
[1;31m2026-07-31 11:41:21.151022492 [E:onnxruntime:Default, env.cc:228 ThreadMain] pthread_setaffinity_np failed for thread: 1028147, index: 10, mask: {11, }, error code: 22 error msg: Invalid argument. Specify the number of threads explicitly so the affinity is not set.[m
[1;31m2026-07-31 11:41:21.156294035 [E:onnxruntime:Default, env.cc:228 ThreadMain] pthread_setaffinity_np failed for thread: 1028152, index: 15, mask: {16, }, error code: 22 error msg: Invalid argument. Specify the number of threads explicitly so the affinity is not set.[m
[1;31m2026-07-31 11:41:21.158519217 [E:onnxruntime:Default, env.cc:228 ThreadMain] pthread_setaffinity_np failed for thread: 1028197, index: 60, mask: {61, }, error code: 22 error msg: Invalid argument. Specify the number of threads explicitly so the affinity is not set.[m
[1;31m2026-07-31 11:41:21.163562763 [E:onnxruntime:Default, env.cc:228 ThreadMain] pthread_setaffinity_np failed for thread: 1028148, index: 11, mask: {12, }, error code: 22 error msg: Invalid argument. Specify the number of threads explicitly so the affinity is not set.[m
[1;31m2026-07-31 11:41:21.163593490 [E:onnxruntime:Default, env.cc:228 ThreadMain] pthread_setaffinity_np failed for thread: 1028158, index: 21, mask: {22, }, error code: 22 error msg: Invalid argument. Specify the number of threads explicitly so the affinity is not set.[m
[1;31m2026-07-31 11:41:21.164524362 [E:onnxruntime:Default, env.cc:228 ThreadMain] pthread_setaffinity_np failed for thread: 1028196, index: 59, mask: {60, }, error code: 22 error msg: Invalid argument. Specify the number of threads explicitly so the affinity is not set.[m
[1;31m2026-07-31 11:41:21.165096883 [E:onnxruntime:Default, env.cc:228 ThreadMain] pthread_setaffinity_np failed for thread: 1028150, index: 13, mask: {14, }, error code: 22 error msg: Invalid argument. Specify the number of threads explicitly so the affinity is not set.[m
[1;31m2026-07-31 11:41:21.159707931 [E:onnxruntime:Default, env.cc:228 ThreadMain] pthread_setaffinity_np failed for thread: 1028176, index: 39, mask: {40, }, error code: 22 error msg: Invalid argument. Specify the number of threads explicitly so the affinity is not set.[m
[1;31m2026-07-31 11:41:21.159573540 [E:onnxruntime:Default, env.cc:228 ThreadMain] pthread_setaffinity_np failed for thread: 1028195, index: 58, mask: {59, }, error code: 22 error msg: Invalid argument. Specify the number of threads explicitly so the affinity is not set.[m
[1;31m2026-07-31 11:41:21.163575026 [E:onnxruntime:Default, env.cc:228 ThreadMain] pthread_setaffinity_np failed for thread: 1028183, index: 46, mask: {47, }, error code: 22 error msg: Invalid argument. Specify the number of threads explicitly so the affinity is not set.[m
[1;31m2026-07-31 11:41:21.159534326 [E:onnxruntime:Default, env.cc:228 ThreadMain] pthread_setaffinity_np failed for thread: 1028156, index: 19, mask: {20, }, error code: 22 error msg: Invalid argument. Specify the number of threads explicitly so the affinity is not set.[m
[1;31m2026-07-31 11:41:21.163518660 [E:onnxruntime:Default, env.cc:228 ThreadMain] pthread_setaffinity_np failed for thread: 1028169, index: 32, mask: {33, }, error code: 22 error msg: Invalid argument. Specify the number of threads explicitly so the affinity is not set.[m
[1;31m2026-07-31 11:41:21.184546940 [E:onnxruntime:Default, env.cc:228 ThreadMain] pthread_setaffinity_np failed for thread: 1028146, index: 9, mask: {10, }, error code: 22 error msg: Invalid argument. Specify the number of threads explicitly so the affinity is not set.[m
[1;31m2026-07-31 11:41:21.184586354 [E:onnxruntime:Default, env.cc:228 ThreadMain] pthread_setaffinity_np failed for thread: 1028175, index: 38, mask: {39, }, error code: 22 error msg: Invalid argument. Specify the number of threads explicitly so the affinity is not set.[m
[1;31m2026-07-31 11:41:21.184564553 [E:onnxruntime:Default, env.cc:228 ThreadMain] pthread_setaffinity_np failed for thread: 1028174, index: 37, mask: {38, }, error code: 22 error msg: Invalid argument. Specify the number of threads explicitly so the affinity is not set.[m
[1;31m2026-07-31 11:41:21.206028539 [E:onnxruntime:Default, env.cc:228 ThreadMain] pthread_setaffinity_np failed for thread: 1028162, index: 25, mask: {26, }, error code: 22 error msg: Invalid argument. Specify the number of threads explicitly so the affinity is not set.[m
[1;31m2026-07-31 11:41:21.212507489 [E:onnxruntime:Default, env.cc:228 ThreadMain] pthread_setaffinity_np failed for thread: 1028155, index: 18, mask: {19, }, error code: 22 error msg: Invalid argument. Specify the number of threads explicitly so the affinity is not set.[m
[1;31m2026-07-31 11:41:21.221512887 [E:onnxruntime:Default, env.cc:228 ThreadMain] pthread_setaffinity_np failed for thread: 1028178, index: 41, mask: {42, }, error code: 22 error msg: Invalid argument. Specify the number of threads explicitly so the affinity is not set.[m
[1;31m2026-07-31 11:41:21.225510967 [E:onnxruntime:Default, env.cc:228 ThreadMain] pthread_setaffinity_np failed for thread: 1028179, index: 42, mask: {43, }, error code: 22 error msg: Invalid argument. Specify the number of threads explicitly so the affinity is not set.[m
[1;31m2026-07-31 11:41:21.159699946 [E:onnxruntime:Default, env.cc:228 ThreadMain] pthread_setaffinity_np failed for thread: 1028167, index: 30, mask: {31, }, error code: 22 error msg: Invalid argument. Specify the number of threads explicitly so the affinity is not set.[m
[1;31m2026-07-31 11:41:21.159673346 [E:onnxruntime:Default, env.cc:228 ThreadMain] pthread_setaffinity_np failed for thread: 1028165, index: 28, mask: {29, }, error code: 22 error msg: Invalid argument. Specify the number of threads explicitly so the affinity is not set.[m
[1;31m2026-07-31 11:41:21.163511707 [E:onnxruntime:Default, env.cc:228 ThreadMain] pthread_setaffinity_np failed for thread: 1028157, index: 20, mask: {21, }, error code: 22 error msg: Invalid argument. Specify the number of threads explicitly so the affinity is not set.[m
[1;31m2026-07-31 11:41:21.184519038 [E:onnxruntime:Default, env.cc:228 ThreadMain] pthread_setaffinity_np failed for thread: 1028163, index: 26, mask: {27, }, error code: 22 error msg: Invalid argument. Specify the number of threads explicitly so the affinity is not set.[m
[1;31m2026-07-31 11:41:21.159717770 [E:onnxruntime:Default, env.cc:228 ThreadMain] pthread_setaffinity_np failed for thread: 1028177, index: 40, mask: {41, }, error code: 22 error msg: Invalid argument. Specify the number of threads explicitly so the affinity is not set.[m
[1;31m2026-07-31 11:41:21.159661003 [E:onnxruntime:Default, env.cc:228 ThreadMain] pthread_setaffinity_np failed for thread: 1028161, index: 24, mask: {25, }, error code: 22 error msg: Invalid argument. Specify the number of threads explicitly so the affinity is not set.[m
[1;31m2026-07-31 11:41:21.159675611 [E:onnxruntime:Default, env.cc:228 ThreadMain] pthread_setaffinity_np failed for thread: 1028170, index: 33, mask: {34, }, error code: 22 error msg: Invalid argument. Specify the number of threads explicitly so the affinity is not set.[m
[1;31m2026-07-31 11:41:21.159682403 [E:onnxruntime:Default, env.cc:228 ThreadMain] pthread_setaffinity_np failed for thread: 1028182, index: 45, mask: {46, }, error code: 22 error msg: Invalid argument. Specify the number of threads explicitly so the affinity is not set.[m
[1;31m2026-07-31 11:41:21.243541388 [E:onnxruntime:Default, env.cc:228 ThreadMain] pthread_setaffinity_np failed for thread: 1028153, index: 16, mask: {17, }, error code: 22 error msg: Invalid argument. Specify the number of threads explicitly so the affinity is not set.[m
[1;31m2026-07-31 11:41:21.245277015 [E:onnxruntime:Default, env.cc:228 ThreadMain] pthread_setaffinity_np failed for thread: 1028154, index: 17, mask: {18, }, error code: 22 error msg: Invalid argument. Specify the number of threads explicitly so the affinity is not set.[m
[1;31m2026-07-31 11:41:21.250512640 [E:onnxruntime:Default, env.cc:228 ThreadMain] pthread_setaffinity_np failed for thread: 1028193, index: 56, mask: {57, }, error code: 22 error msg: Invalid argument. Specify the number of threads explicitly so the affinity is not set.[m
[1;31m2026-07-31 11:41:21.255271272 [E:onnxruntime:Default, env.cc:228 ThreadMain] pthread_setaffinity_np failed for thread: 1028164, index: 27, mask: {28, }, error code: 22 error msg: Invalid argument. Specify the number of threads explicitly so the affinity is not set.[m
[1;31m2026-07-31 11:41:21.259512808 [E:onnxruntime:Default, env.cc:228 ThreadMain] pthread_setaffinity_np failed for thread: 1028171, index: 34, mask: {35, }, error code: 22 error msg: Invalid argument. Specify the number of threads explicitly so the affinity is not set.[m
[1;31m2026-07-31 11:41:21.265272222 [E:onnxruntime:Default, env.cc:228 ThreadMain] pthread_setaffinity_np failed for thread: 1028172, index: 35, mask: {36, }, error code: 22 error msg: Invalid argument. Specify the number of threads explicitly so the affinity is not set.[m
[1;31m2026-07-31 11:41:21.270584591 [E:onnxruntime:Default, env.cc:228 ThreadMain] pthread_setaffinity_np failed for thread: 1028192, index: 55, mask: {56, }, error code: 22 error msg: Invalid argument. Specify the number of threads explicitly so the affinity is not set.[m
[1;31m2026-07-31 11:41:21.165578634 [E:onnxruntime:Default, env.cc:228 ThreadMain] pthread_setaffinity_np failed for thread: 1028149, index: 12, mask: {13, }, error code: 22 error msg: Invalid argument. Specify the number of threads explicitly so the affinity is not set.[m
[1;31m2026-07-31 11:41:21.168534655 [E:onnxruntime:Default, env.cc:228 ThreadMain] pthread_setaffinity_np failed for thread: 1028159, index: 22, mask: {23, }, error code: 22 error msg: Invalid argument. Specify the number of threads explicitly so the affinity is not set.[m
[1;31m2026-07-31 11:41:21.165605014 [E:onnxruntime:Default, env.cc:228 ThreadMain] pthread_setaffinity_np failed for thread: 1028145, index: 8, mask: {9, }, error code: 22 error msg: Invalid argument. Specify the number of threads explicitly so the affinity is not set.[m
[1;31m2026-07-31 11:41:21.243509398 [E:onnxruntime:Default, env.cc:228 ThreadMain] pthread_setaffinity_np failed for thread: 1028160, index: 23, mask: {24, }, error code: 22 error msg: Invalid argument. Specify the number of threads explicitly so the affinity is not set.[m
[1;31m2026-07-31 11:41:21.274519823 [E:onnxruntime:Default, env.cc:228 ThreadMain] pthread_setaffinity_np failed for thread: 1028198, index: 61, mask: {62, }, error code: 22 error msg: Invalid argument. Specify the number of threads explicitly so the affinity is not set.[m
[1;31m2026-07-31 11:41:21.283518899 [E:onnxruntime:Default, env.cc:228 ThreadMain] pthread_setaffinity_np failed for thread: 1028194, index: 57, mask: {58, }, error code: 22 error msg: Invalid argument. Specify the number of threads explicitly so the affinity is not set.[m
[1;31m2026-07-31 11:41:21.286028604 [E:onnxruntime:Default, env.cc:228 ThreadMain] pthread_setaffinity_np failed for thread: 1028180, index: 43, mask: {44, }, error code: 22 error msg: Invalid argument. Specify the number of threads explicitly so the affinity is not set.[m
[1;31m2026-07-31 11:41:21.270521523 [E:onnxruntime:Default, env.cc:228 ThreadMain] pthread_setaffinity_np failed for thread: 1028173, index: 36, mask: {37, }, error code: 22 error msg: Invalid argument. Specify the number of threads explicitly so the affinity is not set.[m
[1;31m2026-07-31 11:41:21.289553007 [E:onnxruntime:Default, env.cc:228 ThreadMain] pthread_setaffinity_np failed for thread: 1028168, index: 31, mask: {32, }, error code: 22 error msg: Invalid argument. Specify the number of threads explicitly so the affinity is not set.[m
[1;31m2026-07-31 11:41:21.289526508 [E:onnxruntime:Default, env.cc:228 ThreadMain] pthread_setaffinity_np failed for thread: 1028199, index: 62, mask: {63, }, error code: 22 error msg: Invalid argument. Specify the number of threads explicitly so the affinity is not set.[m
[1;31m2026-07-31 11:41:21.229503185 [E:onnxruntime:Default, env.cc:228 ThreadMain] pthread_setaffinity_np failed for thread: 1028166, index: 29, mask: {30, }, error code: 22 error msg: Invalid argument. Specify the number of threads explicitly so the affinity is not set.[m
[1;31m2026-07-31 11:41:21.276278503 [E:onnxruntime:Default, env.cc:228 ThreadMain] pthread_setaffinity_np failed for thread: 1028181, index: 44, mask: {45, }, error code: 22 error msg: Invalid argument. Specify the number of threads explicitly so the affinity is not set.[m
[1;31m2026-07-31 11:41:21.852103205 [E:onnxruntime:Default, env.cc:228 ThreadMain] pthread_setaffinity_np failed for thread: 1028200, index: 0, mask: {1, }, error code: 22 error msg: Invalid argument. Specify the number of threads explicitly so the affinity is not set.[m
[1;31m2026-07-31 11:41:21.852176071 [E:onnxruntime:Default, env.cc:228 ThreadMain] pthread_setaffinity_np failed for thread: 1028202, index: 2, mask: {3, }, error code: 22 error msg: Invalid argument. Specify the number of threads explicitly so the affinity is not set.[m
[1;31m2026-07-31 11:41:21.852188154 [E:onnxruntime:Default, env.cc:228 ThreadMain] pthread_setaffinity_np failed for thread: 1028201, index: 1, mask: {2, }, error code: 22 error msg: Invalid argument. Specify the number of threads explicitly so the affinity is not set.[m
[1;31m2026-07-31 11:41:21.852354655 [E:onnxruntime:Default, env.cc:228 ThreadMain] pthread_setaffinity_np failed for thread: 1028203, index: 3, mask: {4, }, error code: 22 error msg: Invalid argument. Specify the number of threads explicitly so the affinity is not set.[m
[1;31m2026-07-31 11:41:21.852402745 [E:onnxruntime:Default, env.cc:228 ThreadMain] pthread_setaffinity_np failed for thread: 1028204, index: 4, mask: {5, }, error code: 22 error msg: Invalid argument. Specify the number of threads explicitly so the affinity is not set.[m
[1;31m2026-07-31 11:41:21.852425838 [E:onnxruntime:Default, env.cc:228 ThreadMain] pthread_setaffinity_np failed for thread: 1028205, index: 5, mask: {6, }, error code: 22 error msg: Invalid argument. Specify the number of threads explicitly so the affinity is not set.[m
[1;31m2026-07-31 11:41:21.852552896 [E:onnxruntime:Default, env.cc:228 ThreadMain] pthread_setaffinity_np failed for thread: 1028208, index: 8, mask: {9, }, error code: 22 error msg: Invalid argument. Specify the number of threads explicitly so the affinity is not set.[m
[1;31m2026-07-31 11:41:21.852470753 [E:onnxruntime:Default, env.cc:228 ThreadMain] pthread_setaffinity_np failed for thread: 1028206, index: 6, mask: {7, }, error code: 22 error msg: Invalid argument. Specify the number of threads explicitly so the affinity is not set.[m
[1;31m2026-07-31 11:41:21.852512140 [E:onnxruntime:Default, env.cc:228 ThreadMain] pthread_setaffinity_np failed for thread: 1028207, index: 7, mask: {8, }, error code: 22 error msg: Invalid argument. Specify the number of threads explicitly so the affinity is not set.[m
[1;31m2026-07-31 11:41:21.858870906 [E:onnxruntime:Default, env.cc:228 ThreadMain] pthread_setaffinity_np failed for thread: 1028245, index: 45, mask: {46, }, error code: 22 error msg: Invalid argument. Specify the number of threads explicitly so the affinity is not set.[m
[1;31m2026-07-31 11:41:21.859542873 [E:onnxruntime:Default, env.cc:228 ThreadMain] pthread_setaffinity_np failed for thread: 1028260, index: 60, mask: {61, }, error code: 22 error msg: Invalid argument. Specify the number of threads explicitly so the affinity is not set.[m
[1;31m2026-07-31 11:41:21.866047402 [E:onnxruntime:Default, env.cc:228 ThreadMain] pthread_setaffinity_np failed for thread: 1028235, index: 35, mask: {36, }, error code: 22 error msg: Invalid argument. Specify the number of threads explicitly so the affinity is not set.[m
[1;31m2026-07-31 11:41:21.869542631 [E:onnxruntime:Default, env.cc:228 ThreadMain] pthread_setaffinity_np failed for thread: 1028255, index: 55, mask: {56, }, error code: 22 error msg: Invalid argument. Specify the number of threads explicitly so the affinity is not set.[m
[1;31m2026-07-31 11:41:21.863624239 [E:onnxruntime:Default, env.cc:228 ThreadMain] pthread_setaffinity_np failed for thread: 1028232, index: 32, mask: {33, }, error code: 22 error msg: Invalid argument. Specify the number of threads explicitly so the affinity is not set.[m
[1;31m2026-07-31 11:41:21.874506187 [E:onnxruntime:Default, env.cc:228 ThreadMain] pthread_setaffinity_np failed for thread: 1028218, index: 18, mask: {19, }, error code: 22 error msg: Invalid argument. Specify the number of threads explicitly so the affinity is not set.[m
[1;31m2026-07-31 11:41:21.874556661 [E:onnxruntime:Default, env.cc:228 ThreadMain] pthread_setaffinity_np failed for thread: 1028240, index: 40, mask: {41, }, error code: 22 error msg: Invalid argument. Specify the number of threads explicitly so the affinity is not set.[m
[1;31m2026-07-31 11:41:21.875517198 [E:onnxruntime:Default, env.cc:228 ThreadMain] pthread_setaffinity_np failed for thread: 1028237, index: 37, mask: {38, }, error code: 22 error msg: Invalid argument. Specify the number of threads explicitly so the affinity is not set.[m
[1;31m2026-07-31 11:41:21.883518667 [E:onnxruntime:Default, env.cc:228 ThreadMain] pthread_setaffinity_np failed for thread: 1028242, index: 42, mask: {43, }, error code: 22 error msg: Invalid argument. Specify the number of threads explicitly so the affinity is not set.[m
[1;31m2026-07-31 11:41:21.885282077 [E:onnxruntime:Default, env.cc:228 ThreadMain] pthread_setaffinity_np failed for thread: 1028211, index: 11, mask: {12, }, error code: 22 error msg: Invalid argument. Specify the number of threads explicitly so the affinity is not set.[m
[1;31m2026-07-31 11:41:21.885515784 [E:onnxruntime:Default, env.cc:228 ThreadMain] pthread_setaffinity_np failed for thread: 1028214, index: 14, mask: {15, }, error code: 22 error msg: Invalid argument. Specify the number of threads explicitly so the affinity is not set.[m
[1;31m2026-07-31 11:41:21.889520606 [E:onnxruntime:Default, env.cc:228 ThreadMain] pthread_setaffinity_np failed for thread: 1028217, index: 17, mask: {18, }, error code: 22 error msg: Invalid argument. Specify the number of threads explicitly so the affinity is not set.[m
[1;31m2026-07-31 11:41:21.891539884 [E:onnxruntime:Default, env.cc:228 ThreadMain] pthread_setaffinity_np failed for thread: 1028229, index: 29, mask: {30, }, error code: 22 error msg: Invalid argument. Specify the number of threads explicitly so the affinity is not set.[m
[1;31m2026-07-31 11:41:21.892351732 [E:onnxruntime:Default, env.cc:228 ThreadMain] pthread_setaffinity_np failed for thread: 1028227, index: 27, mask: {28, }, error code: 22 error msg: Invalid argument. Specify the number of threads explicitly so the affinity is not set.[m
[1;31m2026-07-31 11:41:21.892523083 [E:onnxruntime:Default, env.cc:228 ThreadMain] pthread_setaffinity_np failed for thread: 1028228, index: 28, mask: {29, }, error code: 22 error msg: Invalid argument. Specify the number of threads explicitly so the affinity is not set.[m
[1;31m2026-07-31 11:41:21.895273679 [E:onnxruntime:Default, env.cc:228 ThreadMain] pthread_setaffinity_np failed for thread: 1028223, index: 23, mask: {24, }, error code: 22 error msg: Invalid argument. Specify the number of threads explicitly so the affinity is not set.[m
[1;31m2026-07-31 11:41:21.895502136 [E:onnxruntime:Default, env.cc:228 ThreadMain] pthread_setaffinity_np failed for thread: 1028230, index: 30, mask: {31, }, error code: 22 error msg: Invalid argument. Specify the number of threads explicitly so the affinity is not set.[m
[1;31m2026-07-31 11:41:21.899566700 [E:onnxruntime:Default, env.cc:228 ThreadMain] pthread_setaffinity_np failed for thread: 1028239, index: 39, mask: {40, }, error code: 22 error msg: Invalid argument. Specify the number of threads explicitly so the affinity is not set.[m
[1;31m2026-07-31 11:41:21.906027507 [E:onnxruntime:Default, env.cc:228 ThreadMain] pthread_setaffinity_np failed for thread: 1028243, index: 43, mask: {44, }, error code: 22 error msg: Invalid argument. Specify the number of threads explicitly so the affinity is not set.[m
[1;31m2026-07-31 11:41:21.863599212 [E:onnxruntime:Default, env.cc:228 ThreadMain] pthread_setaffinity_np failed for thread: 1028241, index: 41, mask: {42, }, error code: 22 error msg: Invalid argument. Specify the number of threads explicitly so the affinity is not set.[m
[1;31m2026-07-31 11:41:21.909543816 [E:onnxruntime:Default, env.cc:228 ThreadMain] pthread_setaffinity_np failed for thread: 1028236, index: 36, mask: {37, }, error code: 22 error msg: Invalid argument. Specify the number of threads explicitly so the affinity is not set.[m
[1;31m2026-07-31 11:41:21.915099600 [E:onnxruntime:Default, env.cc:228 ThreadMain] pthread_setaffinity_np failed for thread: 1028215, index: 15, mask: {16, }, error code: 22 error msg: Invalid argument. Specify the number of threads explicitly so the affinity is not set.[m
[1;31m2026-07-31 11:41:21.920611682 [E:onnxruntime:Default, env.cc:228 ThreadMain] pthread_setaffinity_np failed for thread: 1028226, index: 26, mask: {27, }, error code: 22 error msg: Invalid argument. Specify the number of threads explicitly so the affinity is not set.[m
[1;31m2026-07-31 11:41:21.926044375 [E:onnxruntime:Default, env.cc:228 ThreadMain] pthread_setaffinity_np failed for thread: 1028244, index: 44, mask: {45, }, error code: 22 error msg: Invalid argument. Specify the number of threads explicitly so the affinity is not set.[m
[1;31m2026-07-31 11:41:21.931510922 [E:onnxruntime:Default, env.cc:228 ThreadMain] pthread_setaffinity_np failed for thread: 1028233, index: 33, mask: {34, }, error code: 22 error msg: Invalid argument. Specify the number of threads explicitly so the affinity is not set.[m
[1;31m2026-07-31 11:41:21.935530783 [E:onnxruntime:Default, env.cc:228 ThreadMain] pthread_setaffinity_np failed for thread: 1028256, index: 56, mask: {57, }, error code: 22 error msg: Invalid argument. Specify the number of threads explicitly so the affinity is not set.[m
[1;31m2026-07-31 11:41:21.899549087 [E:onnxruntime:Default, env.cc:228 ThreadMain] pthread_setaffinity_np failed for thread: 1028262, index: 62, mask: {63, }, error code: 22 error msg: Invalid argument. Specify the number of threads explicitly so the affinity is not set.[m
[1;31m2026-07-31 11:41:21.892326355 [E:onnxruntime:Default, env.cc:228 ThreadMain] pthread_setaffinity_np failed for thread: 1028221, index: 21, mask: {22, }, error code: 22 error msg: Invalid argument. Specify the number of threads explicitly so the affinity is not set.[m
[1;31m2026-07-31 11:41:21.874537225 [E:onnxruntime:Default, env.cc:228 ThreadMain] pthread_setaffinity_np failed for thread: 1028220, index: 20, mask: {21, }, error code: 22 error msg: Invalid argument. Specify the number of threads explicitly so the affinity is not set.[m
[1;31m2026-07-31 11:41:21.899524221 [E:onnxruntime:Default, env.cc:228 ThreadMain] pthread_setaffinity_np failed for thread: 1028231, index: 31, mask: {32, }, error code: 22 error msg: Invalid argument. Specify the number of threads explicitly so the affinity is not set.[m
[1;31m2026-07-31 11:41:21.945504030 [E:onnxruntime:Default, env.cc:228 ThreadMain] pthread_setaffinity_np failed for thread: 1028210, index: 10, mask: {11, }, error code: 22 error msg: Invalid argument. Specify the number of threads explicitly so the affinity is not set.[m
[1;31m2026-07-31 11:41:21.920590432 [E:onnxruntime:Default, env.cc:228 ThreadMain] pthread_setaffinity_np failed for thread: 1028224, index: 24, mask: {25, }, error code: 22 error msg: Invalid argument. Specify the number of threads explicitly so the affinity is not set.[m
[1;31m2026-07-31 11:41:21.909506236 [E:onnxruntime:Default, env.cc:228 ThreadMain] pthread_setaffinity_np failed for thread: 1028259, index: 59, mask: {60, }, error code: 22 error msg: Invalid argument. Specify the number of threads explicitly so the affinity is not set.[m
[1;31m2026-07-31 11:41:21.906086748 [E:onnxruntime:Default, env.cc:228 ThreadMain] pthread_setaffinity_np failed for thread: 1028238, index: 38, mask: {39, }, error code: 22 error msg: Invalid argument. Specify the number of threads explicitly so the affinity is not set.[m
[1;31m2026-07-31 11:41:21.920529077 [E:onnxruntime:Default, env.cc:228 ThreadMain] pthread_setaffinity_np failed for thread: 1028212, index: 12, mask: {13, }, error code: 22 error msg: Invalid argument. Specify the number of threads explicitly so the affinity is not set.[m
[1;31m2026-07-31 11:41:21.939539021 [E:onnxruntime:Default, env.cc:228 ThreadMain] pthread_setaffinity_np failed for thread: 1028225, index: 25, mask: {26, }, error code: 22 error msg: Invalid argument. Specify the number of threads explicitly so the affinity is not set.[m
[1;31m2026-07-31 11:41:21.935512638 [E:onnxruntime:Default, env.cc:228 ThreadMain] pthread_setaffinity_np failed for thread: 1028213, index: 13, mask: {14, }, error code: 22 error msg: Invalid argument. Specify the number of threads explicitly so the affinity is not set.[m
[1;31m2026-07-31 11:41:21.920580263 [E:onnxruntime:Default, env.cc:228 ThreadMain] pthread_setaffinity_np failed for thread: 1028222, index: 22, mask: {23, }, error code: 22 error msg: Invalid argument. Specify the number of threads explicitly so the affinity is not set.[m
[1;31m2026-07-31 11:41:21.943502807 [E:onnxruntime:Default, env.cc:228 ThreadMain] pthread_setaffinity_np failed for thread: 1028258, index: 58, mask: {59, }, error code: 22 error msg: Invalid argument. Specify the number of threads explicitly so the affinity is not set.[m
[1;31m2026-07-31 11:41:21.939550683 [E:onnxruntime:Default, env.cc:228 ThreadMain] pthread_setaffinity_np failed for thread: 1028234, index: 34, mask: {35, }, error code: 22 error msg: Invalid argument. Specify the number of threads explicitly so the affinity is not set.[m
[1;31m2026-07-31 11:41:21.949537406 [E:onnxruntime:Default, env.cc:228 ThreadMain] pthread_setaffinity_np failed for thread: 1028216, index: 16, mask: {17, }, error code: 22 error msg: Invalid argument. Specify the number of threads explicitly so the affinity is not set.[m
[1;31m2026-07-31 11:41:21.949537587 [E:onnxruntime:Default, env.cc:228 ThreadMain] pthread_setaffinity_np failed for thread: 1028257, index: 57, mask: {58, }, error code: 22 error msg: Invalid argument. Specify the number of threads explicitly so the affinity is not set.[m
[1;31m2026-07-31 11:41:21.920556919 [E:onnxruntime:Default, env.cc:228 ThreadMain] pthread_setaffinity_np failed for thread: 1028219, index: 19, mask: {20, }, error code: 22 error msg: Invalid argument. Specify the number of threads explicitly so the affinity is not set.[m
[1;31m2026-07-31 11:41:21.959529700 [E:onnxruntime:Default, env.cc:228 ThreadMain] pthread_setaffinity_np failed for thread: 1028209, index: 9, mask: {10, }, error code: 22 error msg: Invalid argument. Specify the number of threads explicitly so the affinity is not set.[m
[1;31m2026-07-31 11:41:21.959548455 [E:onnxruntime:Default, env.cc:228 ThreadMain] pthread_setaffinity_np failed for thread: 1028246, index: 46, mask: {47, }, error code: 22 error msg: Invalid argument. Specify the number of threads explicitly so the affinity is not set.[m
[1;31m2026-07-31 11:41:21.909522266 [E:onnxruntime:Default, env.cc:228 ThreadMain] pthread_setaffinity_np failed for thread: 1028261, index: 61, mask: {62, }, error code: 22 error msg: Invalid argument. Specify the number of threads explicitly so the affinity is not set.[m
2026-07-31 11:41:22.048 | INFO     | mineru.backend.pipeline.model_init:__init__:291 - DocAnalysis init done!
2026-07-31 11:41:22.048 | INFO     | mineru.backend.pipeline.pipeline_analyze:custom_model_init:83 - model init cost: 16.33383822441101
Layout Predict:   0%|          | 0/15 [00:00<?, ?it/s]Layout Predict:   7%|▋         | 1/15 [00:15<03:30, 15.06s/it]Layout Predict:  13%|█▎        | 2/15 [00:15<01:24,  6.51s/it]Layout Predict:  20%|██        | 3/15 [00:16<00:45,  3.78s/it]Layout Predict:  27%|██▋       | 4/15 [00:16<00:27,  2.49s/it]Layout Predict:  33%|███▎      | 5/15 [00:17<00:17,  1.78s/it]Layout Predict:  40%|████      | 6/15 [00:17<00:12,  1.35s/it]Layout Predict:  47%|████▋     | 7/15 [00:18<00:08,  1.08s/it]Layout Predict:  53%|█████▎    | 8/15 [00:18<00:06,  1.11it/s]Layout Predict:  60%|██████    | 9/15 [00:19<00:04,  1.28it/s]Layout Predict:  67%|██████▋   | 10/15 [00:19<00:03,  1.43it/s]Layout Predict:  73%|███████▎  | 11/15 [00:20<00:02,  1.56it/s]Layout Predict:  80%|████████  | 12/15 [00:20<00:01,  1.67it/s]Layout Predict:  87%|████████▋ | 13/15 [00:21<00:01,  1.74it/s]Layout Predict:  93%|█████████▎| 14/15 [00:21<00:00,  1.79it/s]Layout Predict: 100%|██████████| 15/15 [00:22<00:00,  1.84it/s]Layout Predict: 100%|██████████| 15/15 [00:22<00:00,  1.49s/it]
Table orientation det:   0%|          | 0/2 [00:00<?, ?it/s]Table orientation det:  50%|█████     | 1/2 [00:03<00:03,  3.58s/it]Table orientation det: 100%|██████████| 2/2 [00:03<00:00,  1.59s/it]Table orientation det:  67%|██████▋   | 2/3 [00:03<00:01,  1.59s/it]Table orientation score:  67%|██████▋   | 2/3 [00:03<00:01,  1.59s/it]Table orientation score:  67%|██████▋   | 2/3 [00:03<00:01,  1.59s/it]Table orientation score: 100%|██████████| 3/3 [00:04<00:00,  1.15s/it]Table orientation score:   5%|▌         | 3/57 [00:04<01:02,  1.15s/it]Table orientation rec:   5%|▌         | 3/57 [00:04<01:02,  1.15s/it]  Table orientation rec:   5%|▌         | 3/57 [00:04<01:02,  1.15s/it]Table orientation rec:  16%|█▌        | 9/57 [00:05<00:15,  3.02it/s]Table orientation rec:  37%|███▋      | 21/57 [00:05<00:03,  9.30it/s]Table orientation rec:  58%|█████▊    | 33/57 [00:05<00:01, 17.13it/s]Table orientation rec:  79%|███████▉  | 45/57 [00:05<00:00, 26.49it/s]Table orientation rec: 100%|██████████| 57/57 [00:05<00:00, 34.81it/s]Table orientation: 100%|██████████| 57/57 [00:05<00:00, 34.81it/s]    Table orientation: 100%|██████████| 57/57 [00:05<00:00, 34.81it/s]Table orientation: 100%|██████████| 57/57 [00:05<00:00, 10.14it/s]
Table-ocr det:   0%|          | 0/2 [00:00<?, ?it/s]Table-ocr det:  50%|█████     | 1/2 [00:00<00:00,  2.46it/s]Table-ocr det: 100%|██████████| 2/2 [00:00<00:00,  3.60it/s]Table-ocr det: 100%|██████████| 2/2 [00:00<00:00,  3.36it/s]
Table-ocr rec ch:   0%|          | 0/635 [00:00<?, ?it/s]Table-ocr rec ch:   2%|▏         | 12/635 [00:00<00:06, 103.56it/s]Table-ocr rec ch:   4%|▍         | 24/635 [00:00<00:05, 108.62it/s]Table-ocr rec ch:   6%|▌         | 36/635 [00:00<00:05, 111.30it/s]Table-ocr rec ch:   8%|▊         | 48/635 [00:00<00:05, 113.18it/s]Table-ocr rec ch:   9%|▉         | 60/635 [00:00<00:05, 114.28it/s]Table-ocr rec ch:  11%|█▏        | 72/635 [00:00<00:04, 115.00it/s]Table-ocr rec ch:  13%|█▎        | 84/635 [00:00<00:04, 115.48it/s]Table-ocr rec ch:  15%|█▌        | 96/635 [00:00<00:04, 115.56it/s]Table-ocr rec ch:  17%|█▋        | 108/635 [00:00<00:04, 115.72it/s]Table-ocr rec ch:  19%|█▉        | 120/635 [00:01<00:04, 115.97it/s]Table-ocr rec ch:  21%|██        | 132/635 [00:01<00:04, 115.63it/s]Table-ocr rec ch:  23%|██▎       | 144/635 [00:01<00:04, 115.98it/s]Table-ocr rec ch:  25%|██▍       | 156/635 [00:01<00:04, 116.16it/s]Table-ocr rec ch:  26%|██▋       | 168/635 [00:01<00:04, 116.30it/s]Table-ocr rec ch:  28%|██▊       | 180/635 [00:01<00:03, 116.37it/s]Table-ocr rec ch:  30%|███       | 192/635 [00:01<00:03, 116.56it/s]Table-ocr rec ch:  32%|███▏      | 204/635 [00:01<00:03, 116.66it/s]Table-ocr rec ch:  34%|███▍      | 216/635 [00:01<00:03, 116.90it/s]Table-ocr rec ch:  36%|███▌      | 228/635 [00:01<00:03, 115.59it/s]Table-ocr rec ch:  38%|███▊      | 240/635 [00:02<00:03, 116.08it/s]Table-ocr rec ch:  40%|███▉      | 252/635 [00:02<00:03, 115.94it/s]Table-ocr rec ch:  42%|████▏     | 264/635 [00:02<00:03, 115.83it/s]Table-ocr rec ch:  43%|████▎     | 276/635 [00:02<00:03, 116.12it/s]Table-ocr rec ch:  45%|████▌     | 288/635 [00:02<00:02, 116.63it/s]Table-ocr rec ch:  47%|████▋     | 300/635 [00:02<00:02, 116.63it/s]Table-ocr rec ch:  49%|████▉     | 312/635 [00:02<00:02, 116.79it/s]Table-ocr rec ch:  51%|█████     | 324/635 [00:02<00:02, 116.55it/s]Table-ocr rec ch:  53%|█████▎    | 336/635 [00:02<00:02, 116.62it/s]Table-ocr rec ch:  55%|█████▍    | 348/635 [00:03<00:02, 116.67it/s]Table-ocr rec ch:  57%|█████▋    | 360/635 [00:03<00:02, 116.82it/s]Table-ocr rec ch:  59%|█████▊    | 372/635 [00:03<00:02, 116.07it/s]Table-ocr rec ch:  60%|██████    | 384/635 [00:03<00:02, 116.04it/s]Table-ocr rec ch:  62%|██████▏   | 396/635 [00:03<00:02, 114.38it/s]Table-ocr rec ch:  64%|██████▍   | 408/635 [00:03<00:01, 114.78it/s]Table-ocr rec ch:  66%|██████▌   | 420/635 [00:03<00:01, 114.91it/s]Table-ocr rec ch:  68%|██████▊   | 432/635 [00:03<00:01, 115.09it/s]Table-ocr rec ch:  70%|██████▉   | 444/635 [00:03<00:01, 115.37it/s]Table-ocr rec ch:  72%|███████▏  | 456/635 [00:03<00:01, 114.73it/s]Table-ocr rec ch:  74%|███████▎  | 468/635 [00:04<00:01, 114.67it/s]Table-ocr rec ch:  76%|███████▌  | 480/635 [00:04<00:01, 114.29it/s]Table-ocr rec ch:  77%|███████▋  | 492/635 [00:04<00:01, 114.63it/s]Table-ocr rec ch:  79%|███████▉  | 504/635 [00:04<00:01, 114.82it/s]Table-ocr rec ch:  81%|████████▏ | 516/635 [00:04<00:01, 115.16it/s]Table-ocr rec ch:  83%|████████▎ | 528/635 [00:04<00:00, 115.36it/s]Table-ocr rec ch:  85%|████████▌ | 540/635 [00:04<00:00, 115.50it/s]Table-ocr rec ch:  87%|████████▋ | 552/635 [00:04<00:00, 115.44it/s]Table-ocr rec ch:  89%|████████▉ | 564/635 [00:04<00:00, 115.44it/s]Table-ocr rec ch:  91%|█████████ | 576/635 [00:04<00:00, 115.39it/s]Table-ocr rec ch:  93%|█████████▎| 588/635 [00:05<00:00, 115.45it/s]Table-ocr rec ch:  94%|█████████▍| 600/635 [00:05<00:00, 114.76it/s]Table-ocr rec ch:  96%|█████████▋| 612/635 [00:05<00:00, 114.74it/s]Table-ocr rec ch:  98%|█████████▊| 624/635 [00:05<00:00, 108.40it/s]Table-ocr rec ch: 100%|██████████| 635/635 [00:05<00:00, 50.00it/s] Table-ocr rec ch: 100%|██████████| 635/635 [00:05<00:00, 106.69it/s]
Table-wireless Predict:   0%|          | 0/2 [00:00<?, ?it/s]Table-wireless Predict: 100%|██████████| 2/2 [00:04<00:00,  2.07s/it]Table-wireless Predict: 100%|██████████| 2/2 [00:04<00:00,  2.07s/it]
Table-wired Predict:   0%|          | 0/2 [00:00<?, ?it/s]Table-wired Predict:  50%|█████     | 1/2 [00:05<00:05,  5.34s/it]Table-wired Predict: 100%|██████████| 2/2 [00:08<00:00,  4.22s/it]Table-wired Predict: 100%|██████████| 2/2 [00:08<00:00,  4.39s/it]
OCR-det ch:   0%|          | 0/205 [00:00<?, ?it/s]OCR-det ch:   0%|          | 1/205 [00:00<02:23,  1.42it/s]OCR-det ch:   3%|▎         | 7/205 [00:00<00:20,  9.70it/s]OCR-det ch:   7%|▋         | 14/205 [00:01<00:11, 15.98it/s]OCR-det ch:  11%|█         | 22/205 [00:01<00:07, 25.42it/s]OCR-det ch:  14%|█▎        | 28/205 [00:01<00:05, 30.56it/s]OCR-det ch:  20%|█▉        | 40/205 [00:01<00:04, 41.00it/s]OCR-det ch:  27%|██▋       | 56/205 [00:01<00:02, 57.20it/s]OCR-det ch:  34%|███▍      | 70/205 [00:01<00:02, 60.00it/s]OCR-det ch:  38%|███▊      | 77/205 [00:02<00:02, 60.23it/s]OCR-det ch:  42%|████▏     | 87/205 [00:02<00:02, 46.13it/s]OCR-det ch:  46%|████▋     | 95/205 [00:02<00:02, 43.44it/s]OCR-det ch:  50%|████▉     | 102/205 [00:02<00:02, 39.91it/s]OCR-det ch:  54%|█████▍    | 111/205 [00:02<00:01, 47.32it/s]OCR-det ch:  61%|██████▏   | 126/205 [00:03<00:01, 56.66it/s]OCR-det ch:  65%|██████▍   | 133/205 [00:03<00:01, 37.45it/s]OCR-det ch:  67%|██████▋   | 138/205 [00:03<00:02, 29.83it/s]OCR-det ch:  72%|███████▏  | 148/205 [00:04<00:01, 30.04it/s]OCR-det ch:  76%|███████▌  | 156/205 [00:04<00:01, 33.51it/s]OCR-det ch:  79%|███████▊  | 161/205 [00:04<00:01, 32.03it/s]OCR-det ch:  81%|████████▏ | 167/205 [00:04<00:01, 24.90it/s]OCR-det ch:  83%|████████▎ | 171/205 [00:05<00:01, 25.53it/s]OCR-det ch:  85%|████████▌ | 175/205 [00:05<00:01, 27.57it/s]OCR-det ch:  87%|████████▋ | 179/205 [00:05<00:01, 24.26it/s]OCR-det ch:  89%|████████▉ | 182/205 [00:05<00:01, 18.52it/s]OCR-det ch:  91%|█████████ | 186/205 [00:06<00:01, 17.18it/s]OCR-det ch:  92%|█████████▏| 188/205 [00:06<00:01, 16.06it/s]OCR-det ch:  93%|█████████▎| 191/205 [00:06<00:01, 13.81it/s]OCR-det ch:  94%|█████████▍| 193/205 [00:06<00:00, 12.03it/s]OCR-det ch:  95%|█████████▌| 195/205 [00:06<00:00, 11.82it/s]OCR-det ch:  98%|█████████▊| 201/205 [00:07<00:00, 17.92it/s]OCR-det ch: 100%|██████████| 205/205 [00:07<00:00, 21.14it/s]OCR-det ch: 100%|██████████| 205/205 [00:07<00:00, 28.51it/s]
Seal Predict: 0it [00:00, ?it/s]Seal Predict: 0it [00:00, ?it/s]
Processing pages:   0%|          | 0/15 [00:00<?, ?it/s]Processing pages:  13%|█▎        | 2/15 [00:00<00:05,  2.17it/s]Processing pages:  20%|██        | 3/15 [00:01<00:03,  3.03it/s]Processing pages:  27%|██▋       | 4/15 [00:01<00:02,  3.84it/s]Processing pages:  40%|████      | 6/15 [00:01<00:01,  4.70it/s]Processing pages:  53%|█████▎    | 8/15 [00:01<00:01,  6.22it/s]Processing pages:  67%|██████▋   | 10/15 [00:01<00:00,  7.39it/s]Processing pages:  73%|███████▎  | 11/15 [00:02<00:00,  6.16it/s]Processing pages:  87%|████████▋ | 13/15 [00:02<00:00,  7.31it/s]Processing pages:  93%|█████████▎| 14/15 [00:02<00:00,  7.19it/s]
OCR-rec Predict:   0%|          | 0/51 [00:00<?, ?it/s][A
OCR-rec Predict:  24%|██▎       | 12/51 [00:00<00:00, 82.16it/s][A
OCR-rec Predict:  47%|████▋     | 24/51 [00:00<00:00, 75.81it/s][A
OCR-rec Predict:  71%|███████   | 36/51 [00:00<00:00, 72.33it/s][A
OCR-rec Predict:  94%|█████████▍| 48/51 [00:00<00:00, 46.14it/s][AOCR-rec Predict: 100%|██████████| 51/51 [00:01<00:00, 45.93it/s]
Processing pages: 100%|██████████| 15/15 [00:04<00:00,  3.73it/s]
2026-07-31 11:42:24.732 | INFO     | mineru.cli.client:run_planned_task:883 - Completed batch 1/1 | Processed 15/15 pages | 1 of 1 batch finished | task#1 [10.1016_j.landig.2025.02.008]
INFO:     Shutting down
INFO:     Waiting for application shutdown.
INFO:     Application shutdown complete.
INFO:     Finished server process [1025959]
[1;31m2026-07-31 11:42:27.068856291 [E:onnxruntime:Default, env.cc:228 ThreadMain] pthread_setaffinity_np failed for thread: 1028704, index: 0, mask: {1, }, error code: 22 error msg: Invalid argument. Specify the number of threads explicitly so the affinity is not set.[m
[1;31m2026-07-31 11:42:27.068920832 [E:onnxruntime:Default, env.cc:228 ThreadMain] pthread_setaffinity_np failed for thread: 1028706, index: 2, mask: {3, }, error code: 22 error msg: Invalid argument. Specify the number of threads explicitly so the affinity is not set.[m
[1;31m2026-07-31 11:42:27.068977177 [E:onnxruntime:Default, env.cc:228 ThreadMain] pthread_setaffinity_np failed for thread: 1028707, index: 3, mask: {4, }, error code: 22 error msg: Invalid argument. Specify the number of threads explicitly so the affinity is not set.[m
[1;31m2026-07-31 11:42:27.069526335 [E:onnxruntime:Default, env.cc:228 ThreadMain] pthread_setaffinity_np failed for thread: 1028717, index: 13, mask: {14, }, error code: 22 error msg: Invalid argument. Specify the number of threads explicitly so the affinity is not set.[m
[1;31m2026-07-31 11:42:27.069577470 [E:onnxruntime:Default, env.cc:228 ThreadMain] pthread_setaffinity_np failed for thread: 1028719, index: 15, mask: {16, }, error code: 22 error msg: Invalid argument. Specify the number of threads explicitly so the affinity is not set.[m
[1;31m2026-07-31 11:42:27.069174496 [E:onnxruntime:Default, env.cc:228 ThreadMain] pthread_setaffinity_np failed for thread: 1028709, index: 5, mask: {6, }, error code: 22 error msg: Invalid argument. Specify the number of threads explicitly so the affinity is not set.[m
[1;31m2026-07-31 11:42:27.069217477 [E:onnxruntime:Default, env.cc:228 ThreadMain] pthread_setaffinity_np failed for thread: 1028711, index: 7, mask: {8, }, error code: 22 error msg: Invalid argument. Specify the number of threads explicitly so the affinity is not set.[m
[1;31m2026-07-31 11:42:27.069214060 [E:onnxruntime:Default, env.cc:228 ThreadMain] pthread_setaffinity_np failed for thread: 1028710, index: 6, mask: {7, }, error code: 22 error msg: Invalid argument. Specify the number of threads explicitly so the affinity is not set.[m
[1;31m2026-07-31 11:42:27.069269634 [E:onnxruntime:Default, env.cc:228 ThreadMain] pthread_setaffinity_np failed for thread: 1028713, index: 9, mask: {10, }, error code: 22 error msg: Invalid argument. Specify the number of threads explicitly so the affinity is not set.[m
[1;31m2026-07-31 11:42:27.070772596 [E:onnxruntime:Default, env.cc:228 ThreadMain] pthread_setaffinity_np failed for thread: 1028721, index: 17, mask: {18, }, error code: 22 error msg: Invalid argument. Specify the number of threads explicitly so the affinity is not set.[m
[1;31m2026-07-31 11:42:27.069276437 [E:onnxruntime:Default, env.cc:228 ThreadMain] pthread_setaffinity_np failed for thread: 1028712, index: 8, mask: {9, }, error code: 22 error msg: Invalid argument. Specify the number of threads explicitly so the affinity is not set.[m
[1;31m2026-07-31 11:42:27.069436527 [E:onnxruntime:Default, env.cc:228 ThreadMain] pthread_setaffinity_np failed for thread: 1028714, index: 10, mask: {11, }, error code: 22 error msg: Invalid argument. Specify the number of threads explicitly so the affinity is not set.[m
[1;31m2026-07-31 11:42:27.076034210 [E:onnxruntime:Default, env.cc:228 ThreadMain] pthread_setaffinity_np failed for thread: 1028723, index: 19, mask: {20, }, error code: 22 error msg: Invalid argument. Specify the number of threads explicitly so the affinity is not set.[m
[1;31m2026-07-31 11:42:27.076396698 [E:onnxruntime:Default, env.cc:228 ThreadMain] pthread_setaffinity_np failed for thread: 1028764, index: 60, mask: {61, }, error code: 22 error msg: Invalid argument. Specify the number of threads explicitly so the affinity is not set.[m
[1;31m2026-07-31 11:42:27.082517789 [E:onnxruntime:Default, env.cc:228 ThreadMain] pthread_setaffinity_np failed for thread: 1028750, index: 46, mask: {47, }, error code: 22 error msg: Invalid argument. Specify the number of threads explicitly so the affinity is not set.[m
[1;31m2026-07-31 11:42:27.083517059 [E:onnxruntime:Default, env.cc:228 ThreadMain] pthread_setaffinity_np failed for thread: 1028748, index: 44, mask: {45, }, error code: 22 error msg: Invalid argument. Specify the number of threads explicitly so the affinity is not set.[m
[1;31m2026-07-31 11:42:27.085102344 [E:onnxruntime:Default, env.cc:228 ThreadMain] pthread_setaffinity_np failed for thread: 1028724, index: 20, mask: {21, }, error code: 22 error msg: Invalid argument. Specify the number of threads explicitly so the affinity is not set.[m
[1;31m2026-07-31 11:42:27.085301547 [E:onnxruntime:Default, env.cc:228 ThreadMain] pthread_setaffinity_np failed for thread: 1028759, index: 55, mask: {56, }, error code: 22 error msg: Invalid argument. Specify the number of threads explicitly so the affinity is not set.[m
[1;31m2026-07-31 11:42:27.086338768 [E:onnxruntime:Default, env.cc:228 ThreadMain] pthread_setaffinity_np failed for thread: 1028749, index: 45, mask: {46, }, error code: 22 error msg: Invalid argument. Specify the number of threads explicitly so the affinity is not set.[m
[1;31m2026-07-31 11:42:27.088575572 [E:onnxruntime:Default, env.cc:228 ThreadMain] pthread_setaffinity_np failed for thread: 1028765, index: 61, mask: {62, }, error code: 22 error msg: Invalid argument. Specify the number of threads explicitly so the affinity is not set.[m
[1;31m2026-07-31 11:42:27.069466893 [E:onnxruntime:Default, env.cc:228 ThreadMain] pthread_setaffinity_np failed for thread: 1028715, index: 11, mask: {12, }, error code: 22 error msg: Invalid argument. Specify the number of threads explicitly so the affinity is not set.[m
[1;31m2026-07-31 11:42:27.069488454 [E:onnxruntime:Default, env.cc:228 ThreadMain] pthread_setaffinity_np failed for thread: 1028716, index: 12, mask: {13, }, error code: 22 error msg: Invalid argument. Specify the number of threads explicitly so the affinity is not set.[m
[1;31m2026-07-31 11:42:27.090517165 [E:onnxruntime:Default, env.cc:228 ThreadMain] pthread_setaffinity_np failed for thread: 1028747, index: 43, mask: {44, }, error code: 22 error msg: Invalid argument. Specify the number of threads explicitly so the affinity is not set.[m
[1;31m2026-07-31 11:42:27.088549113 [E:onnxruntime:Default, env.cc:228 ThreadMain] pthread_setaffinity_np failed for thread: 1028761, index: 57, mask: {58, }, error code: 22 error msg: Invalid argument. Specify the number of threads explicitly so the affinity is not set.[m
[1;31m2026-07-31 11:42:27.068861901 [E:onnxruntime:Default, env.cc:228 ThreadMain] pthread_setaffinity_np failed for thread: 1028705, index: 1, mask: {2, }, error code: 22 error msg: Invalid argument. Specify the number of threads explicitly so the affinity is not set.[m
[1;31m2026-07-31 11:42:27.069551612 [E:onnxruntime:Default, env.cc:228 ThreadMain] pthread_setaffinity_np failed for thread: 1028718, index: 14, mask: {15, }, error code: 22 error msg: Invalid argument. Specify the number of threads explicitly so the affinity is not set.[m
[1;31m2026-07-31 11:42:27.069158507 [E:onnxruntime:Default, env.cc:228 ThreadMain] pthread_setaffinity_np failed for thread: 1028708, index: 4, mask: {5, }, error code: 22 error msg: Invalid argument. Specify the number of threads explicitly so the affinity is not set.[m
[1;31m2026-07-31 11:42:27.069595424 [E:onnxruntime:Default, env.cc:228 ThreadMain] pthread_setaffinity_np failed for thread: 1028720, index: 16, mask: {17, }, error code: 22 error msg: Invalid argument. Specify the number of threads explicitly so the affinity is not set.[m
[1;31m2026-07-31 11:42:27.115518698 [E:onnxruntime:Default, env.cc:228 ThreadMain] pthread_setaffinity_np failed for thread: 1028725, index: 21, mask: {22, }, error code: 22 error msg: Invalid argument. Specify the number of threads explicitly so the affinity is not set.[m
[1;31m2026-07-31 11:42:27.120538118 [E:onnxruntime:Default, env.cc:228 ThreadMain] pthread_setaffinity_np failed for thread: 1028728, index: 24, mask: {25, }, error code: 22 error msg: Invalid argument. Specify the number of threads explicitly so the affinity is not set.[m
[1;31m2026-07-31 11:42:27.088564191 [E:onnxruntime:Default, env.cc:228 ThreadMain] pthread_setaffinity_np failed for thread: 1028740, index: 36, mask: {37, }, error code: 22 error msg: Invalid argument. Specify the number of threads explicitly so the affinity is not set.[m
[1;31m2026-07-31 11:42:27.133516489 [E:onnxruntime:Default, env.cc:228 ThreadMain] pthread_setaffinity_np failed for thread: 1028735, index: 31, mask: {32, }, error code: 22 error msg: Invalid argument. Specify the number of threads explicitly so the affinity is not set.[m
[1;31m2026-07-31 11:42:27.135269238 [E:onnxruntime:Default, env.cc:228 ThreadMain] pthread_setaffinity_np failed for thread: 1028736, index: 32, mask: {33, }, error code: 22 error msg: Invalid argument. Specify the number of threads explicitly so the affinity is not set.[m
[1;31m2026-07-31 11:42:27.138509419 [E:onnxruntime:Default, env.cc:228 ThreadMain] pthread_setaffinity_np failed for thread: 1028737, index: 33, mask: {34, }, error code: 22 error msg: Invalid argument. Specify the number of threads explicitly so the affinity is not set.[m
[1;31m2026-07-31 11:42:27.142510295 [E:onnxruntime:Default, env.cc:228 ThreadMain] pthread_setaffinity_np failed for thread: 1028743, index: 39, mask: {40, }, error code: 22 error msg: Invalid argument. Specify the number of threads explicitly so the affinity is not set.[m
[1;31m2026-07-31 11:42:27.145269256 [E:onnxruntime:Default, env.cc:228 ThreadMain] pthread_setaffinity_np failed for thread: 1028744, index: 40, mask: {41, }, error code: 22 error msg: Invalid argument. Specify the number of threads explicitly so the affinity is not set.[m
[1;31m2026-07-31 11:42:27.150519929 [E:onnxruntime:Default, env.cc:228 ThreadMain] pthread_setaffinity_np failed for thread: 1028733, index: 29, mask: {30, }, error code: 22 error msg: Invalid argument. Specify the number of threads explicitly so the affinity is not set.[m
[1;31m2026-07-31 11:42:27.153519881 [E:onnxruntime:Default, env.cc:228 ThreadMain] pthread_setaffinity_np failed for thread: 1028739, index: 35, mask: {36, }, error code: 22 error msg: Invalid argument. Specify the number of threads explicitly so the affinity is not set.[m
[1;31m2026-07-31 11:42:27.155096030 [E:onnxruntime:Default, env.cc:228 ThreadMain] pthread_setaffinity_np failed for thread: 1028741, index: 37, mask: {38, }, error code: 22 error msg: Invalid argument. Specify the number of threads explicitly so the affinity is not set.[m
[1;31m2026-07-31 11:42:27.095098686 [E:onnxruntime:Default, env.cc:228 ThreadMain] pthread_setaffinity_np failed for thread: 1028738, index: 34, mask: {35, }, error code: 22 error msg: Invalid argument. Specify the number of threads explicitly so the affinity is not set.[m
[1;31m2026-07-31 11:42:27.162545938 [E:onnxruntime:Default, env.cc:228 ThreadMain] pthread_setaffinity_np failed for thread: 1028762, index: 58, mask: {59, }, error code: 22 error msg: Invalid argument. Specify the number of threads explicitly so the affinity is not set.[m
[1;31m2026-07-31 11:42:27.166034273 [E:onnxruntime:Default, env.cc:228 ThreadMain] pthread_setaffinity_np failed for thread: 1028760, index: 56, mask: {57, }, error code: 22 error msg: Invalid argument. Specify the number of threads explicitly so the affinity is not set.[m
[1;31m2026-07-31 11:42:27.172519416 [E:onnxruntime:Default, env.cc:228 ThreadMain] pthread_setaffinity_np failed for thread: 1028732, index: 28, mask: {29, }, error code: 22 error msg: Invalid argument. Specify the number of threads explicitly so the affinity is not set.[m
[1;31m2026-07-31 11:42:27.129548816 [E:onnxruntime:Default, env.cc:228 ThreadMain] pthread_setaffinity_np failed for thread: 1028734, index: 30, mask: {31, }, error code: 22 error msg: Invalid argument. Specify the number of threads explicitly so the affinity is not set.[m
[1;31m2026-07-31 11:42:27.129549357 [E:onnxruntime:Default, env.cc:228 ThreadMain] pthread_setaffinity_np failed for thread: 1028726, index: 22, mask: {23, }, error code: 22 error msg: Invalid argument. Specify the number of threads explicitly so the affinity is not set.[m
[1;31m2026-07-31 11:42:27.179510836 [E:onnxruntime:Default, env.cc:228 ThreadMain] pthread_setaffinity_np failed for thread: 1028722, index: 18, mask: {19, }, error code: 22 error msg: Invalid argument. Specify the number of threads explicitly so the affinity is not set.[m
[1;31m2026-07-31 11:42:27.173568859 [E:onnxruntime:Default, env.cc:228 ThreadMain] pthread_setaffinity_np failed for thread: 1028746, index: 42, mask: {43, }, error code: 22 error msg: Invalid argument. Specify the number of threads explicitly so the affinity is not set.[m
[1;31m2026-07-31 11:42:27.162511142 [E:onnxruntime:Default, env.cc:228 ThreadMain] pthread_setaffinity_np failed for thread: 1028742, index: 38, mask: {39, }, error code: 22 error msg: Invalid argument. Specify the number of threads explicitly so the affinity is not set.[m
[1;31m2026-07-31 11:42:27.158540013 [E:onnxruntime:Default, env.cc:228 ThreadMain] pthread_setaffinity_np failed for thread: 1028727, index: 23, mask: {24, }, error code: 22 error msg: Invalid argument. Specify the number of threads explicitly so the affinity is not set.[m
[1;31m2026-07-31 11:42:27.162532152 [E:onnxruntime:Default, env.cc:228 ThreadMain] pthread_setaffinity_np failed for thread: 1028745, index: 41, mask: {42, }, error code: 22 error msg: Invalid argument. Specify the number of threads explicitly so the affinity is not set.[m
[1;31m2026-07-31 11:42:27.173557979 [E:onnxruntime:Default, env.cc:228 ThreadMain] pthread_setaffinity_np failed for thread: 1028766, index: 62, mask: {63, }, error code: 22 error msg: Invalid argument. Specify the number of threads explicitly so the affinity is not set.[m
[1;31m2026-07-31 11:42:27.183511100 [E:onnxruntime:Default, env.cc:228 ThreadMain] pthread_setaffinity_np failed for thread: 1028763, index: 59, mask: {60, }, error code: 22 error msg: Invalid argument. Specify the number of threads explicitly so the affinity is not set.[m
[1;31m2026-07-31 11:42:27.196177967 [E:onnxruntime:Default, env.cc:228 ThreadMain] pthread_setaffinity_np failed for thread: 1028731, index: 27, mask: {28, }, error code: 22 error msg: Invalid argument. Specify the number of threads explicitly so the affinity is not set.[m
[1;31m2026-07-31 11:42:27.173576243 [E:onnxruntime:Default, env.cc:228 ThreadMain] pthread_setaffinity_np failed for thread: 1028729, index: 25, mask: {26, }, error code: 22 error msg: Invalid argument. Specify the number of threads explicitly so the affinity is not set.[m
[1;31m2026-07-31 11:42:27.183523974 [E:onnxruntime:Default, env.cc:228 ThreadMain] pthread_setaffinity_np failed for thread: 1028730, index: 26, mask: {27, }, error code: 22 error msg: Invalid argument. Specify the number of threads explicitly so the affinity is not set.[m
MINERU_EXIT=0
